"state","top_words","rank"
"filler","hi",1
"filler","hello",2
"MI","like",1
"MI","dont",2
"MI","get",3
"MI","can",4
"MI","love",5
"MI","one",6
"MI","day",7
"MI","happy",8
"MI","now",9
"MI","want",10
"MI","back",11
"MI","school",12
"MI","today",13
"MI","even",14
"MI","got",15
"MI","know",16
"MI","lol",17
"MI","time",18
"MI","going",19
"MI","people",20
"MI","better",21
"MI","always",22
"MI","good",23
"MI","really",24
"MI","thats",25
"MI","tomorrow",26
"MI","ass",27
"MI","see",28
"MI","youre",29
"MI","come",30
"MI","game",31
"MI","say",32
"MI","still",33
"MI","tonight",34
"MI","best",35
"MI","bitch",36
"MI","cant",37
"MI","getting",38
"MI","gonna",39
"MI","miss",40
"MI","right",41
"MI","someone",42
"MI","thank",43
"MI","wanna",44
"MI","way",45
"MI","life",46
"MI","tell",47
"MI","thanks",48
"MI","think",49
"MI","will",50
"MI","bad",51
"MI","birthday",52
"MI","call",53
"MI","damn",54
"MI","days",55
"MI","follow",56
"MI","home",57
"MI","ill",58
"MI","last",59
"MI","much",60
"MI","need",61
"MI","never",62
"MI","something",63
"MI","valentines",64
"MI","watching",65
"MI","year",66
"MI","anyone",67
"MI","black",68
"MI","closed",69
"MI","detroit",70
"MI","hot",71
"MI","job",72
"MI","little",73
"MI","live",74
"MI","look",75
"MI","make",76
"MI","real",77
"MI","whats",78
"MI","work",79
"MI","baby",80
"MI","everything",81
"MI","feeling",82
"MI","god",83
"MI","hate",84
"MI","michigan",85
"MI","mom",86
"MI","play",87
"MI","point",88
"MI","said",89
"MI","start",90
"MI","asked",91
"MI","bed",92
"MI","bout",93
"MI","cause",94
"MI","eat",95
"MI","end",96
"MI","enough",97
"MI","everyday",98
"MI","everyone",99
"MI","feel",100
"NV","vegas",1
"NV","like",2
"NV","love",3
"NV","las",4
"NV","day",5
"NV","cant",6
"NV","get",7
"NV","always",8
"NV","good",9
"NV","got",10
"NV","lol",11
"NV","now",12
"NV","want",13
"NV","back",14
"NV","job",15
"NV","one",16
"NV","people",17
"NV","thats",18
"NV","youre",19
"NV","dont",20
"NV","god",21
"NV","really",22
"NV","time",23
"NV","valentines",24
"NV","ass",25
"NV","black",26
"NV","happy",27
"NV","look",28
"NV","may",29
"NV","much",30
"NV","say",31
"NV","see",32
"NV","thanks",33
"NV","think",34
"NV","watch",35
"NV","better",36
"NV","come",37
"NV","even",38
"NV","feel",39
"NV","going",40
"NV","great",41
"NV","know",42
"NV","still",43
"NV","today",44
"NV","tonight",45
"NV","ugly",46
"NV","well",47
"NV","will",48
"NV","world",49
"NV","beautiful",50
"NV","bitch",51
"NV","can",52
"NV","didnt",53
"NV","doesnt",54
"NV","done",55
"NV","everyone",56
"NV","favorite",57
"NV","girls",58
"NV","healthcare",59
"NV","jobs",60
"NV","last",61
"NV","lasvegas",62
"NV","makes",63
"NV","man",64
"NV","need",65
"NV","next",66
"NV","night",67
"NV","pretty",68
"NV","real",69
"NV","something",70
"NV","sorry",71
"NV","stop",72
"NV","trying",73
"NV","ask",74
"NV","bay",75
"NV","best",76
"NV","birthday",77
"NV","bless",78
"NV","call",79
"NV","cool",80
"NV","curry",81
"NV","drinking",82
"NV","ever",83
"NV","face",84
"NV","follow",85
"NV","following",86
"NV","fun",87
"NV","heart",88
"NV","hospital",89
"NV","ill",90
"NV","isnt",91
"NV","maybe",92
"NV","mean",93
"NV","miss",94
"NV","mom",95
"NV","morning",96
"NV","never",97
"NV","peace",98
"NV","photo",99
"NV","please",100
"OK","dont",1
"OK","like",2
"OK","job",3
"OK","one",4
"OK","good",5
"OK","love",6
"OK","jobs",7
"OK","people",8
"OK","bad",9
"OK","cant",10
"OK","know",11
"OK","thats",12
"OK","will",13
"OK","back",14
"OK","best",15
"OK","come",16
"OK","day",17
"OK","now",18
"OK","today",19
"OK","tulsa",20
"OK","youre",21
"OK","actually",22
"OK","can",23
"OK","even",24
"OK","get",25
"OK","god",26
"OK","going",27
"OK","life",28
"OK","make",29
"OK","oklahoma",30
"OK","still",31
"OK","want",32
"OK","way",33
"OK","well",34
"OK","didnt",35
"OK","hate",36
"OK","man",37
"OK","music",38
"OK","need",39
"OK","never",40
"OK","night",41
"OK","something",42
"OK","talk",43
"OK","bless",44
"OK","call",45
"OK","dad",46
"OK","done",47
"OK","every",48
"OK","getting",49
"OK","girls",50
"OK","gonna",51
"OK","got",52
"OK","great",53
"OK","isnt",54
"OK","maybe",55
"OK","movie",56
"OK","nursing",57
"OK","oklahomacity",58
"OK","please",59
"OK","real",60
"OK","right",61
"OK","say",62
"OK","see",63
"OK","someone",64
"OK","thank",65
"OK","thanks",66
"OK","thing",67
"OK","tweetmyjobs",68
"OK","wanna",69
"OK","wanted",70
"OK","already",71
"OK","always",72
"OK","anyone",73
"OK","away",74
"OK","brother",75
"OK","bruh",76
"OK","cause",77
"OK","change",78
"OK","days",79
"OK","edmond",80
"OK","ever",81
"OK","everyone",82
"OK","everything",83
"OK","find",84
"OK","fine",85
"OK","follow",86
"OK","friends",87
"OK","fun",88
"OK","gushergxng",89
"OK","health",90
"OK","heart",91
"OK","hes",92
"OK","httptcowngvncxd",93
"OK","ill",94
"OK","ive",95
"OK","language",96
"OK","last",97
"OK","leave",98
"OK","little",99
"OK","making",100
"CT","get",1
"CT","now",2
"CT","love",3
"CT","like",4
"CT","lol",5
"CT","never",6
"CT","day",7
"CT","dont",8
"CT","got",9
"CT","job",10
"CT","right",11
"CT","time",12
"CT","today",13
"CT","happy",14
"CT","life",15
"CT","one",16
"CT","please",17
"CT","even",18
"CT","going",19
"CT","know",20
"CT","school",21
"CT","can",22
"CT","cant",23
"CT","follow",24
"CT","good",25
"CT","people",26
"CT","say",27
"CT","take",28
"CT","always",29
"CT","birthday",30
"CT","getting",31
"CT","need",32
"CT","night",33
"CT","want",34
"CT","way",35
"CT","work",36
"CT","ass",37
"CT","best",38
"CT","better",39
"CT","call",40
"CT","cause",41
"CT","control",42
"CT","favorite",43
"CT","funny",44
"CT","girl",45
"CT","god",46
"CT","httptcomchzvilm",47
"CT","httptcowgigeud",48
"CT","let",49
"CT","long",50
"CT","must",51
"CT","read",52
"CT","sleep",53
"CT","wanna",54
"CT","back",55
"CT","bitch",56
"CT","care",57
"CT","days",58
"CT","didnt",59
"CT","every",60
"CT","first",61
"CT","free",62
"CT","gonna",63
"CT","hate",64
"CT","help",65
"CT","hey",66
"CT","isnt",67
"CT","ive",68
"CT","josh",69
"CT","last",70
"CT","make",71
"CT","morning",72
"CT","movie",73
"CT","much",74
"CT","nothing",75
"CT","regain",76
"CT","start",77
"CT","still",78
"CT","think",79
"CT","tonight",80
"CT","year",81
"CT","youre",82
"CT","amazon",83
"CT","anxious",84
"CT","anyone",85
"CT","around",86
"CT","bed",87
"CT","break",88
"CT","come",89
"CT","crying",90
"CT","damn",91
"CT","drop",92
"CT","drunk",93
"CT","editors",94
"CT","education",95
"CT","ever",96
"CT","face",97
"CT","fliers",98
"CT","girls",99
"CT","great",100
"NY","new",1
"NY","like",2
"NY","get",3
"NY","love",4
"NY","dont",5
"NY","now",6
"NY","one",7
"NY","day",8
"NY","time",9
"NY","know",10
"NY","can",11
"NY","lol",12
"NY","good",13
"NY","happy",14
"NY","york",15
"NY","back",16
"NY","cant",17
"NY","got",18
"NY","people",19
"NY","want",20
"NY","going",21
"NY","much",22
"NY","come",23
"NY","nyc",24
"NY","even",25
"NY","really",26
"NY","see",27
"NY","thats",28
"NY","think",29
"NY","will",30
"NY","best",31
"NY","birthday",32
"NY","need",33
"NY","right",34
"NY","still",35
"NY","today",36
"NY","youre",37
"NY","say",38
"NY","someone",39
"NY","ever",40
"NY","great",41
"NY","last",42
"NY","first",43
"NY","thanks",44
"NY","ill",45
"NY","gonna",46
"NY","home",47
"NY","make",48
"NY","never",49
"NY","life",50
"NY","night",51
"NY","thing",52
"NY","hate",53
"NY","job",54
"NY","school",55
"NY","show",56
"NY","take",57
"NY","thank",58
"NY","watch",59
"NY","work",60
"NY","year",61
"NY","follow",62
"NY","girl",63
"NY","wait",64
"NY","real",65
"NY","always",66
"NY","class",67
"NY","everyone",68
"NY","feel",69
"NY","nigga",70
"NY","better",71
"NY","cold",72
"NY","give",73
"NY","live",74
"NY","morning",75
"NY","please",76
"NY","valentines",77
"NY","watching",78
"NY","well",79
"NY","aint",80
"NY","amazing",81
"NY","cause",82
"NY","check",83
"NY","days",84
"NY","ive",85
"NY","lmao",86
"NY","music",87
"NY","tonight",88
"NY","ass",89
"NY","beautiful",90
"NY","coming",91
"NY","didnt",92
"NY","getting",93
"NY","glad",94
"NY","grammys",95
"NY","pretty",96
"NY","stop",97
"NY","tell",98
"NY","way",99
"NY","week",100
"FL","like",1
"FL","love",2
"FL","get",3
"FL","day",4
"FL","dont",5
"FL","will",6
"FL","good",7
"FL","can",8
"FL","cant",9
"FL","one",10
"FL","time",11
"FL","now",12
"FL","want",13
"FL","know",14
"FL","back",15
"FL","youre",16
"FL","happy",17
"FL","job",18
"FL","got",19
"FL","need",20
"FL","new",21
"FL","see",22
"FL","lol",23
"FL","really",24
"FL","much",25
"FL","make",26
"FL","thats",27
"FL","today",28
"FL","best",29
"FL","going",30
"FL","way",31
"FL","life",32
"FL","people",33
"FL","always",34
"FL","girl",35
"FL","man",36
"FL","take",37
"FL","gonna",38
"FL","right",39
"FL","someone",40
"FL","still",41
"FL","wanna",42
"FL","jobs",43
"FL","night",44
"FL","think",45
"FL","birthday",46
"FL","feel",47
"FL","florida",48
"FL","getting",49
"FL","beach",50
"FL","even",51
"FL","ever",52
"FL","last",53
"FL","better",54
"FL","everything",55
"FL","first",56
"FL","follow",57
"FL","ill",58
"FL","let",59
"FL","look",60
"FL","mom",61
"FL","orlando",62
"FL","bad",63
"FL","miami",64
"FL","never",65
"FL","next",66
"FL","please",67
"FL","show",68
"FL","thank",69
"FL","thanks",70
"FL","thing",71
"FL","tonight",72
"FL","tweetmyjobs",73
"FL","come",74
"FL","friends",75
"FL","home",76
"FL","many",77
"FL","miss",78
"FL","morning",79
"FL","put",80
"FL","said",81
"FL","valentines",82
"FL","yall",83
"FL","year",84
"FL","yes",85
"FL","big",86
"FL","check",87
"FL","days",88
"FL","everyone",89
"FL","game",90
"FL","hard",91
"FL","hate",92
"FL","keep",93
"FL","made",94
"FL","nigga",95
"FL","ready",96
"FL","say",97
"FL","whats",98
"FL","aint",99
"FL","already",100
"NC","day",1
"NC","get",2
"NC","dont",3
"NC","like",4
"NC","love",5
"NC","can",6
"NC","will",7
"NC","better",8
"NC","good",9
"NC","got",10
"NC","lol",11
"NC","see",12
"NC","one",13
"NC","know",14
"NC","much",15
"NC","thats",16
"NC","time",17
"NC","back",18
"NC","cant",19
"NC","today",20
"NC","come",21
"NC","school",22
"NC","snow",23
"NC","weather",24
"NC","aint",25
"NC","make",26
"NC","night",27
"NC","way",28
"NC","yall",29
"NC","girl",30
"NC","going",31
"NC","happy",32
"NC","new",33
"NC","say",34
"NC","tonight",35
"NC","job",36
"NC","life",37
"NC","made",38
"NC","mom",39
"NC","now",40
"NC","think",41
"NC","tomorrow",42
"NC","best",43
"NC","getting",44
"NC","girls",45
"NC","gotta",46
"NC","man",47
"NC","something",48
"NC","valentines",49
"NC","wanna",50
"NC","work",51
"NC","youre",52
"NC","ass",53
"NC","bed",54
"NC","even",55
"NC","gonna",56
"NC","house",57
"NC","lmao",58
"NC","need",59
"NC","really",60
"NC","wait",61
"NC","watch",62
"NC","advisory",63
"NC","always",64
"NC","around",65
"NC","birthday",66
"NC","game",67
"NC","hope",68
"NC","ima",69
"NC","never",70
"NC","people",71
"NC","still",72
"NC","though",73
"NC","wont",74
"NC","big",75
"NC","god",76
"NC","hate",77
"NC","hell",78
"NC","high",79
"NC","home",80
"NC","jobs",81
"NC","let",82
"NC","okay",83
"NC","play",84
"NC","ready",85
"NC","show",86
"NC","trying",87
"NC","whats",88
"NC","another",89
"NC","away",90
"NC","bad",91
"NC","break",92
"NC","cause",93
"NC","city",94
"NC","family",95
"NC","find",96
"NC","first",97
"NC","food",98
"NC","fun",99
"NC","gone",100
"MA","like",1
"MA","dont",2
"MA","get",3
"MA","love",4
"MA","boston",5
"MA","can",6
"MA","day",7
"MA","good",8
"MA","will",9
"MA","job",10
"MA","back",11
"MA","now",12
"MA","right",13
"MA","think",14
"MA","yes",15
"MA","best",16
"MA","done",17
"MA","even",18
"MA","lol",19
"MA","one",20
"MA","say",21
"MA","see",22
"MA","snow",23
"MA","time",24
"MA","way",25
"MA","better",26
"MA","really",27
"MA","got",28
"MA","home",29
"MA","know",30
"MA","make",31
"MA","never",32
"MA","today",33
"MA","want",34
"MA","youre",35
"MA","going",36
"MA","need",37
"MA","night",38
"MA","people",39
"MA","report",40
"MA","bad",41
"MA","case",42
"MA","ever",43
"MA","every",44
"MA","ill",45
"MA","jobs",46
"MA","life",47
"MA","much",48
"MA","still",49
"MA","stupid",50
"MA","thats",51
"MA","always",52
"MA","closed",53
"MA","everyone",54
"MA","happy",55
"MA","iphone",56
"MA","next",57
"MA","old",58
"MA","school",59
"MA","someone",60
"MA","tonight",61
"MA","valentines",62
"MA","wanna",63
"MA","week",64
"MA","well",65
"MA","actually",66
"MA","car",67
"MA","follow",68
"MA","game",69
"MA","give",70
"MA","great",71
"MA","man",72
"MA","mbta",73
"MA","miss",74
"MA","new",75
"MA","niggas",76
"MA","opened",77
"MA","said",78
"MA","talk",79
"MA","tell",80
"MA","via",81
"MA","annoying",82
"MA","cant",83
"MA","check",84
"MA","didnt",85
"MA","first",86
"MA","hope",87
"MA","house",88
"MA","literally",89
"MA","take",90
"MA","thanks",91
"MA","told",92
"MA","tomorrow",93
"MA","tweetmyjobs",94
"MA","whats",95
"MA","alone",96
"MA","already",97
"MA","answer",98
"MA","away",99
"MA","birthday",100
"MO","love",1
"MO","like",2
"MO","get",3
"MO","job",4
"MO","want",5
"MO","dont",6
"MO","day",7
"MO","got",8
"MO","know",9
"MO","can",10
"MO","happy",11
"MO","jobs",12
"MO","now",13
"MO","lol",14
"MO","one",15
"MO","thank",16
"MO","cant",17
"MO","good",18
"MO","need",19
"MO","back",20
"MO","new",21
"MO","people",22
"MO","right",23
"MO","see",24
"MO","think",25
"MO","veteranjob",26
"MO","well",27
"MO","going",28
"MO","health",29
"MO","life",30
"MO","louis",31
"MO","time",32
"MO","tweetmyjobs",33
"MO","yeah",34
"MO","birthday",35
"MO","call",36
"MO","come",37
"MO","days",38
"MO","feel",39
"MO","girl",40
"MO","great",41
"MO","home",42
"MO","make",43
"MO","much",44
"MO","must",45
"MO","please",46
"MO","say",47
"MO","still",48
"MO","tonight",49
"MO","will",50
"MO","wish",51
"MO","work",52
"MO","youre",53
"MO","aint",54
"MO","anyone",55
"MO","best",56
"MO","care",57
"MO","check",58
"MO","city",59
"MO","dark",60
"MO","ever",61
"MO","feeling",62
"MO","first",63
"MO","game",64
"MO","guys",65
"MO","hate",66
"MO","hope",67
"MO","house",68
"MO","juice",69
"MO","late",70
"MO","night",71
"MO","nothing",72
"MO","okay",73
"MO","shes",74
"MO","since",75
"MO","snow",76
"MO","stop",77
"MO","thing",78
"MO","two",79
"MO","valentines",80
"MO","always",81
"MO","another",82
"MO","ass",83
"MO","bad",84
"MO","better",85
"MO","bros",86
"MO","bruh",87
"MO","church",88
"MO","didnt",89
"MO","die",90
"MO","dream",91
"MO","drink",92
"MO","even",93
"MO","everyone",94
"MO","forget",95
"MO","free",96
"MO","friend",97
"MO","friends",98
"MO","getting",99
"MO","hard",100
"TX","like",1
"TX","dont",2
"TX","love",3
"TX","lol",4
"TX","get",5
"TX","day",6
"TX","got",7
"TX","know",8
"TX","good",9
"TX","cant",10
"TX","one",11
"TX","need",12
"TX","can",13
"TX","now",14
"TX","see",15
"TX","job",16
"TX","time",17
"TX","back",18
"TX","want",19
"TX","today",20
"TX","never",21
"TX","thats",22
"TX","really",23
"TX","think",24
"TX","people",25
"TX","much",26
"TX","will",27
"TX","going",28
"TX","happy",29
"TX","still",30
"TX","right",31
"TX","youre",32
"TX","even",33
"TX","life",34
"TX","yall",35
"TX","take",36
"TX","tonight",37
"TX","always",38
"TX","hate",39
"TX","ass",40
"TX","jobs",41
"TX","getting",42
"TX","girl",43
"TX","make",44
"TX","new",45
"TX","texas",46
"TX","ever",47
"TX","feel",48
"TX","last",49
"TX","nigga",50
"TX","night",51
"TX","say",52
"TX","valentines",53
"TX","work",54
"TX","ill",55
"TX","man",56
"TX","best",57
"TX","great",58
"TX","bad",59
"TX","bitch",60
"TX","come",61
"TX","thank",62
"TX","wanna",63
"TX","well",64
"TX","birthday",65
"TX","something",66
"TX","stop",67
"TX","way",68
"TX","aint",69
"TX","play",70
"TX","school",71
"TX","houston",72
"TX","look",73
"TX","miss",74
"TX","tomorrow",75
"TX","tweetmyjobs",76
"TX","family",77
"TX","sleep",78
"TX","tho",79
"TX","wait",80
"TX","better",81
"TX","god",82
"TX","gonna",83
"TX","ive",84
"TX","ready",85
"TX","yeah",86
"TX","cause",87
"TX","game",88
"TX","hell",89
"TX","hope",90
"TX","let",91
"TX","lets",92
"TX","mom",93
"TX","baby",94
"TX","damn",95
"TX","didnt",96
"TX","guess",97
"TX","live",98
"TX","lmao",99
"TX","someone",100
"WA","like",1
"WA","love",2
"WA","dont",3
"WA","lol",4
"WA","got",5
"WA","one",6
"WA","day",7
"WA","know",8
"WA","time",9
"WA","can",10
"WA","get",11
"WA","thats",12
"WA","happy",13
"WA","want",14
"WA","youre",15
"WA","girl",16
"WA","now",17
"WA","right",18
"WA","will",19
"WA","come",20
"WA","job",21
"WA","need",22
"WA","still",23
"WA","getting",24
"WA","stop",25
"WA","always",26
"WA","gonna",27
"WA","good",28
"WA","new",29
"WA","baby",30
"WA","cant",31
"WA","hey",32
"WA","life",33
"WA","made",34
"WA","never",35
"WA","night",36
"WA","people",37
"WA","please",38
"WA","thank",39
"WA","best",40
"WA","even",41
"WA","ever",42
"WA","feel",43
"WA","follow",44
"WA","man",45
"WA","pretty",46
"WA","say",47
"WA","school",48
"WA","see",49
"WA","valentines",50
"WA","wait",51
"WA","actually",52
"WA","beautiful",53
"WA","days",54
"WA","going",55
"WA","haha",56
"WA","ill",57
"WA","long",58
"WA","make",59
"WA","mean",60
"WA","much",61
"WA","next",62
"WA","really",63
"WA","seattle",64
"WA","thanks",65
"WA","thing",66
"WA","though",67
"WA","wanna",68
"WA","watching",69
"WA","well",70
"WA","work",71
"WA","year",72
"WA","already",73
"WA","bad",74
"WA","birthday",75
"WA","course",76
"WA","didnt",77
"WA","dress",78
"WA","every",79
"WA","everyone",80
"WA","funny",81
"WA","god",82
"WA","great",83
"WA","green",84
"WA","guess",85
"WA","gym",86
"WA","hella",87
"WA","knows",88
"WA","let",89
"WA","lets",90
"WA","mom",91
"WA","money",92
"WA","okay",93
"WA","old",94
"WA","phone",95
"WA","real",96
"WA","running",97
"WA","said",98
"WA","seattlefree",99
"WA","sleep",100
"WI","like",1
"WI","day",2
"WI","love",3
"WI","job",4
"WI","good",5
"WI","today",6
"WI","got",7
"WI","dont",8
"WI","get",9
"WI","happy",10
"WI","milwaukee",11
"WI","thank",12
"WI","thanks",13
"WI","going",14
"WI","know",15
"WI","never",16
"WI","now",17
"WI","time",18
"WI","jobs",19
"WI","people",20
"WI","really",21
"WI","right",22
"WI","see",23
"WI","want",24
"WI","cant",25
"WI","class",26
"WI","hate",27
"WI","life",28
"WI","lol",29
"WI","need",30
"WI","new",31
"WI","say",32
"WI","sleep",33
"WI","think",34
"WI","yes",35
"WI","youre",36
"WI","away",37
"WI","best",38
"WI","can",39
"WI","cute",40
"WI","even",41
"WI","everyone",42
"WI","face",43
"WI","first",44
"WI","great",45
"WI","keep",46
"WI","man",47
"WI","mean",48
"WI","much",49
"WI","nice",50
"WI","please",51
"WI","tweetmyjobs",52
"WI","voice",53
"WI","watching",54
"WI","work",55
"WI","world",56
"WI","always",57
"WI","ass",58
"WI","attention",59
"WI","bed",60
"WI","better",61
"WI","birthday",62
"WI","cold",63
"WI","dead",64
"WI","didnt",65
"WI","ever",66
"WI","fall",67
"WI","feeling",68
"WI","found",69
"WI","free",70
"WI","friends",71
"WI","game",72
"WI","getting",73
"WI","god",74
"WI","gone",75
"WI","grammys",76
"WI","guys",77
"WI","hard",78
"WI","health",79
"WI","heard",80
"WI","home",81
"WI","ill",82
"WI","ive",83
"WI","last",84
"WI","miss",85
"WI","nurse",86
"WI","put",87
"WI","remember",88
"WI","said",89
"WI","school",90
"WI","snl",91
"WI","something",92
"WI","sorry",93
"WI","still",94
"WI","theres",95
"WI","times",96
"WI","tonight",97
"WI","truck",98
"WI","use",99
"WI","walking",100
"MN","love",1
"MN","dont",2
"MN","day",3
"MN","get",4
"MN","good",5
"MN","got",6
"MN","happy",7
"MN","like",8
"MN","one",9
"MN","thing",10
"MN","will",11
"MN","best",12
"MN","can",13
"MN","job",14
"MN","cant",15
"MN","going",16
"MN","great",17
"MN","jobs",18
"MN","life",19
"MN","really",20
"MN","want",21
"MN","back",22
"MN","better",23
"MN","bring",24
"MN","still",25
"MN","take",26
"MN","time",27
"MN","today",28
"MN","tonight",29
"MN","always",30
"MN","around",31
"MN","birthday",32
"MN","come",33
"MN","ever",34
"MN","know",35
"MN","last",36
"MN","much",37
"MN","never",38
"MN","new",39
"MN","night",40
"MN","now",41
"MN","watch",42
"MN","way",43
"MN","youre",44
"MN","bed",45
"MN","car",46
"MN","check",47
"MN","college",48
"MN","days",49
"MN","follow",50
"MN","game",51
"MN","give",52
"MN","guy",53
"MN","hey",54
"MN","home",55
"MN","jesus",56
"MN","look",57
"MN","made",58
"MN","minneapolis",59
"MN","please",60
"MN","put",61
"MN","real",62
"MN","right",63
"MN","see",64
"MN","things",65
"MN","though",66
"MN","trying",67
"MN","world",68
"MN","ass",69
"MN","away",70
"MN","beer",71
"MN","city",72
"MN","class",73
"MN","doesnt",74
"MN","even",75
"MN","everyone",76
"MN","family",77
"MN","feel",78
"MN","feels",79
"MN","following",80
"MN","friends",81
"MN","girls",82
"MN","gonna",83
"MN","hell",84
"MN","high",85
"MN","hope",86
"MN","little",87
"MN","lmao",88
"MN","lol",89
"MN","make",90
"MN","man",91
"MN","may",92
"MN","mean",93
"MN","might",94
"MN","minnesota",95
"MN","mom",96
"MN","need",97
"MN","nothing",98
"MN","others",99
"MN","people",100
"CO","get",1
"CO","like",2
"CO","dont",3
"CO","good",4
"CO","now",5
"CO","cant",6
"CO","job",7
"CO","know",8
"CO","man",9
"CO","denver",10
"CO","love",11
"CO","day",12
"CO","one",13
"CO","right",14
"CO","think",15
"CO","today",16
"CO","getting",17
"CO","going",18
"CO","hope",19
"CO","night",20
"CO","back",21
"CO","colorado",22
"CO","come",23
"CO","jobs",24
"CO","need",25
"CO","really",26
"CO","see",27
"CO","still",28
"CO","wait",29
"CO","want",30
"CO","youre",31
"CO","can",32
"CO","didnt",33
"CO","even",34
"CO","game",35
"CO","great",36
"CO","ill",37
"CO","much",38
"CO","people",39
"CO","place",40
"CO","stop",41
"CO","avs",42
"CO","ever",43
"CO","everyone",44
"CO","gets",45
"CO","hospitality",46
"CO","keep",47
"CO","life",48
"CO","lmao",49
"CO","make",50
"CO","never",51
"CO","though",52
"CO","time",53
"CO","tomorrow",54
"CO","week",55
"CO","actually",56
"CO","already",57
"CO","anything",58
"CO","aspen",59
"CO","bad",60
"CO","facebook",61
"CO","feels",62
"CO","funny",63
"CO","got",64
"CO","hey",65
"CO","listening",66
"CO","lol",67
"CO","lot",68
"CO","movie",69
"CO","needs",70
"CO","new",71
"CO","next",72
"CO","okay",73
"CO","sad",74
"CO","say",75
"CO","snowmass",76
"CO","spirit",77
"CO","star",78
"CO","thank",79
"CO","thanks",80
"CO","thats",81
"CO","tonight",82
"CO","tweetmyjobs",83
"CO","vail",84
"CO","will",85
"CO","work",86
"CO","yeah",87
"CO","act",88
"CO","add",89
"CO","alert",90
"CO","almost",91
"CO","also",92
"CO","area",93
"CO","bed",94
"CO","bit",95
"CO","book",96
"CO","break",97
"CO","breckenridge",98
"CO","car",99
"CO","coaching",100
"AL","get",1
"AL","like",2
"AL","can",3
"AL","lol",4
"AL","love",5
"AL","dont",6
"AL","day",7
"AL","good",8
"AL","got",9
"AL","happy",10
"AL","need",11
"AL","one",12
"AL","see",13
"AL","say",14
"AL","sleep",15
"AL","time",16
"AL","will",17
"AL","cant",18
"AL","lil",19
"AL","never",20
"AL","now",21
"AL","think",22
"AL","aint",23
"AL","back",24
"AL","birthday",25
"AL","come",26
"AL","god",27
"AL","going",28
"AL","know",29
"AL","listen",30
"AL","much",31
"AL","thats",32
"AL","today",33
"AL","look",34
"AL","make",35
"AL","man",36
"AL","music",37
"AL","night",38
"AL","people",39
"AL","right",40
"AL","thank",41
"AL","yall",42
"AL","youre",43
"AL","ass",44
"AL","best",45
"AL","class",46
"AL","damn",47
"AL","gone",48
"AL","gonna",49
"AL","guys",50
"AL","hard",51
"AL","head",52
"AL","hell",53
"AL","ima",54
"AL","last",55
"AL","looking",56
"AL","nigga",57
"AL","since",58
"AL","true",59
"AL","work",60
"AL","bad",61
"AL","empire",62
"AL","even",63
"AL","everyone",64
"AL","fake",65
"AL","find",66
"AL","first",67
"AL","follow",68
"AL","getting",69
"AL","girl",70
"AL","gotta",71
"AL","life",72
"AL","old",73
"AL","phone",74
"AL","play",75
"AL","really",76
"AL","said",77
"AL","smh",78
"AL","sure",79
"AL","take",80
"AL","tho",81
"AL","try",82
"AL","watching",83
"AL","white",84
"AL","whole",85
"AL","actually",86
"AL","ago",87
"AL","already",88
"AL","always",89
"AL","baby",90
"AL","big",91
"AL","bitch",92
"AL","boy",93
"AL","boys",94
"AL","care",95
"AL","cause",96
"AL","dareallilmone",97
"AL","didnt",98
"AL","doesnt",99
"AL","early",100
"VA","like",1
"VA","dont",2
"VA","day",3
"VA","love",4
"VA","get",5
"VA","cant",6
"VA","got",7
"VA","good",8
"VA","time",9
"VA","know",10
"VA","lol",11
"VA","job",12
"VA","now",13
"VA","right",14
"VA","will",15
"VA","never",16
"VA","new",17
"VA","one",18
"VA","people",19
"VA","want",20
"VA","back",21
"VA","can",22
"VA","today",23
"VA","great",24
"VA","happy",25
"VA","thats",26
"VA","aint",27
"VA","feel",28
"VA","gotta",29
"VA","man",30
"VA","need",31
"VA","see",32
"VA","snow",33
"VA","think",34
"VA","tomorrow",35
"VA","work",36
"VA","always",37
"VA","bad",38
"VA","going",39
"VA","make",40
"VA","night",41
"VA","really",42
"VA","school",43
"VA","yall",44
"VA","game",45
"VA","hate",46
"VA","life",47
"VA","miss",48
"VA","say",49
"VA","still",50
"VA","wait",51
"VA","youre",52
"VA","best",53
"VA","hope",54
"VA","jobs",55
"VA","song",56
"VA","tell",57
"VA","ass",58
"VA","black",59
"VA","god",60
"VA","house",61
"VA","ill",62
"VA","much",63
"VA","said",64
"VA","someone",65
"VA","stop",66
"VA","thank",67
"VA","thing",68
"VA","tonight",69
"VA","yes",70
"VA","album",71
"VA","anything",72
"VA","believe",73
"VA","bitches",74
"VA","cold",75
"VA","even",76
"VA","everyone",77
"VA","fucked",78
"VA","girl",79
"VA","gonna",80
"VA","keep",81
"VA","let",82
"VA","makes",83
"VA","mean",84
"VA","nothing",85
"VA","please",86
"VA","real",87
"VA","thanks",88
"VA","trying",89
"VA","two",90
"VA","wont",91
"VA","better",92
"VA","big",93
"VA","damn",94
"VA","ever",95
"VA","every",96
"VA","getting",97
"VA","health",98
"VA","home",99
"VA","last",100
"PA","dont",1
"PA","like",2
"PA","love",3
"PA","get",4
"PA","day",5
"PA","lol",6
"PA","now",7
"PA","know",8
"PA","cant",9
"PA","good",10
"PA","people",11
"PA","time",12
"PA","need",13
"PA","will",14
"PA","back",15
"PA","got",16
"PA","today",17
"PA","come",18
"PA","youre",19
"PA","want",20
"PA","life",21
"PA","one",22
"PA","still",23
"PA","can",24
"PA","going",25
"PA","happy",26
"PA","new",27
"PA","thats",28
"PA","tonight",29
"PA","right",30
"PA","see",31
"PA","gonna",32
"PA","really",33
"PA","birthday",34
"PA","game",35
"PA","make",36
"PA","much",37
"PA","never",38
"PA","school",39
"PA","something",40
"PA","wait",41
"PA","wanna",42
"PA","bad",43
"PA","best",44
"PA","getting",45
"PA","ive",46
"PA","long",47
"PA","think",48
"PA","even",49
"PA","ever",50
"PA","hate",51
"PA","man",52
"PA","music",53
"PA","next",54
"PA","pittsburgh",55
"PA","someone",56
"PA","thank",57
"PA","thanks",58
"PA","always",59
"PA","class",60
"PA","crazy",61
"PA","damn",62
"PA","didnt",63
"PA","feel",64
"PA","heart",65
"PA","many",66
"PA","thing",67
"PA","year",68
"PA","ass",69
"PA","better",70
"PA","great",71
"PA","guys",72
"PA","home",73
"PA","ill",74
"PA","last",75
"PA","live",76
"PA","night",77
"PA","old",78
"PA","phone",79
"PA","shades",80
"PA","valentines",81
"PA","yes",82
"PA","actually",83
"PA","ago",84
"PA","bed",85
"PA","deserve",86
"PA","done",87
"PA","every",88
"PA","everything",89
"PA","first",90
"PA","girl",91
"PA","hes",92
"PA","pretty",93
"PA","real",94
"PA","show",95
"PA","sorry",96
"PA","stop",97
"PA","take",98
"PA","wish",99
"PA","work",100
"GA","like",1
"GA","dont",2
"GA","lol",3
"GA","love",4
"GA","got",5
"GA","get",6
"GA","day",7
"GA","can",8
"GA","cant",9
"GA","good",10
"GA","know",11
"GA","one",12
"GA","now",13
"GA","really",14
"GA","will",15
"GA","back",16
"GA","want",17
"GA","job",18
"GA","new",19
"GA","people",20
"GA","work",21
"GA","see",22
"GA","think",23
"GA","time",24
"GA","aint",25
"GA","school",26
"GA","thats",27
"GA","always",28
"GA","great",29
"GA","happy",30
"GA","much",31
"GA","still",32
"GA","best",33
"GA","going",34
"GA","need",35
"GA","tonight",36
"GA","yall",37
"GA","check",38
"GA","feel",39
"GA","girl",40
"GA","look",41
"GA","youre",42
"GA","take",43
"GA","ass",44
"GA","bitch",45
"GA","come",46
"GA","even",47
"GA","ever",48
"GA","gonna",49
"GA","last",50
"GA","make",51
"GA","man",52
"GA","thanks",53
"GA","atlanta",54
"GA","beautiful",55
"GA","enough",56
"GA","ill",57
"GA","valentines",58
"GA","everything",59
"GA","god",60
"GA","let",61
"GA","life",62
"GA","nigga",63
"GA","night",64
"GA","party",65
"GA","right",66
"GA","say",67
"GA","someone",68
"GA","baby",69
"GA","better",70
"GA","damn",71
"GA","doesnt",72
"GA","empire",73
"GA","everyone",74
"GA","first",75
"GA","give",76
"GA","grammys",77
"GA","jobs",78
"GA","lmao",79
"GA","morning",80
"GA","music",81
"GA","nah",82
"GA","perfect",83
"GA","play",84
"GA","said",85
"GA","snl",86
"GA","stop",87
"GA","tell",88
"GA","thank",89
"GA","though",90
"GA","today",91
"GA","wait",92
"GA","walk",93
"GA","wanna",94
"GA","week",95
"GA","well",96
"GA","birthday",97
"GA","cause",98
"GA","cookie",99
"GA","favorite",100
"CA","like",1
"CA","get",2
"CA","love",3
"CA","dont",4
"CA","day",5
"CA","lol",6
"CA","want",7
"CA","know",8
"CA","can",9
"CA","time",10
"CA","good",11
"CA","now",12
"CA","need",13
"CA","people",14
"CA","one",15
"CA","got",16
"CA","today",17
"CA","going",18
"CA","happy",19
"CA","thats",20
"CA","really",21
"CA","new",22
"CA","cant",23
"CA","back",24
"CA","see",25
"CA","youre",26
"CA","will",27
"CA","job",28
"CA","make",29
"CA","best",30
"CA","still",31
"CA","work",32
"CA","right",33
"CA","always",34
"CA","even",35
"CA","never",36
"CA","think",37
"CA","life",38
"CA","much",39
"CA","bitch",40
"CA","last",41
"CA","valentines",42
"CA","come",43
"CA","look",44
"CA","please",45
"CA","take",46
"CA","feel",47
"CA","said",48
"CA","home",49
"CA","someone",50
"CA","thank",51
"CA","wanna",52
"CA","ive",53
"CA","miss",54
"CA","tonight",55
"CA","thanks",56
"CA","follow",57
"CA","girl",58
"CA","ill",59
"CA","yes",60
"CA","first",61
"CA","man",62
"CA","night",63
"CA","way",64
"CA","birthday",65
"CA","days",66
"CA","bad",67
"CA","next",68
"CA","tomorrow",69
"CA","great",70
"CA","say",71
"CA","ass",72
"CA","getting",73
"CA","guys",74
"CA","hate",75
"CA","thing",76
"CA","lmao",77
"CA","better",78
"CA","ever",79
"CA","gonna",80
"CA","guy",81
"CA","school",82
"CA","show",83
"CA","stop",84
"CA","tell",85
"CA","well",86
"CA","baby",87
"CA","give",88
"CA","already",89
"CA","every",90
"CA","since",91
"CA","aint",92
"CA","beach",93
"CA","doesnt",94
"CA","help",95
"CA","hes",96
"CA","hope",97
"CA","jobs",98
"CA","little",99
"CA","live",100
"IL","like",1
"IL","dont",2
"IL","love",3
"IL","get",4
"IL","chicago",5
"IL","can",6
"IL","one",7
"IL","day",8
"IL","good",9
"IL","know",10
"IL","lol",11
"IL","now",12
"IL","got",13
"IL","happy",14
"IL","see",15
"IL","time",16
"IL","today",17
"IL","want",18
"IL","back",19
"IL","follow",20
"IL","need",21
"IL","job",22
"IL","will",23
"IL","cant",24
"IL","game",25
"IL","going",26
"IL","youre",27
"IL","new",28
"IL","right",29
"IL","think",30
"IL","come",31
"IL","still",32
"IL","tonight",33
"IL","best",34
"IL","hate",35
"IL","ill",36
"IL","man",37
"IL","really",38
"IL","wanna",39
"IL","birthday",40
"IL","even",41
"IL","ever",42
"IL","first",43
"IL","gonna",44
"IL","never",45
"IL","people",46
"IL","play",47
"IL","thanks",48
"IL","work",49
"IL","better",50
"IL","girl",51
"IL","much",52
"IL","please",53
"IL","school",54
"IL","great",55
"IL","make",56
"IL","thats",57
"IL","always",58
"IL","bad",59
"IL","dude",60
"IL","girls",61
"IL","night",62
"IL","talk",63
"IL","tomorrow",64
"IL","wait",65
"IL","actually",66
"IL","didnt",67
"IL","doesnt",68
"IL","free",69
"IL","getting",70
"IL","give",71
"IL","god",72
"IL","hell",73
"IL","hope",74
"IL","ive",75
"IL","little",76
"IL","long",77
"IL","looking",78
"IL","said",79
"IL","say",80
"IL","show",81
"IL","someone",82
"IL","thing",83
"IL","tho",84
"IL","valentines",85
"IL","way",86
"IL","week",87
"IL","yeah",88
"IL","year",89
"IL","bro",90
"IL","end",91
"IL","everything",92
"IL","gotta",93
"IL","hot",94
"IL","keep",95
"IL","life",96
"IL","miss",97
"IL","needs",98
"IL","old",99
"IL","playing",100
"OH","like",1
"OH","get",2
"OH","love",3
"OH","dont",4
"OH","one",5
"OH","day",6
"OH","lol",7
"OH","people",8
"OH","can",9
"OH","time",10
"OH","know",11
"OH","need",12
"OH","want",13
"OH","got",14
"OH","life",15
"OH","now",16
"OH","good",17
"OH","back",18
"OH","much",19
"OH","cant",20
"OH","happy",21
"OH","even",22
"OH","really",23
"OH","will",24
"OH","make",25
"OH","thats",26
"OH","last",27
"OH","please",28
"OH","never",29
"OH","night",30
"OH","youre",31
"OH","job",32
"OH","think",33
"OH","tomorrow",34
"OH","work",35
"OH","come",36
"OH","ever",37
"OH","going",38
"OH","school",39
"OH","see",40
"OH","today",41
"OH","check",42
"OH","great",43
"OH","ill",44
"OH","stop",45
"OH","bitch",46
"OH","still",47
"OH","thanks",48
"OH","bad",49
"OH","gonna",50
"OH","ive",51
"OH","let",52
"OH","miss",53
"OH","new",54
"OH","thank",55
"OH","tonight",56
"OH","two",57
"OH","best",58
"OH","birthday",59
"OH","man",60
"OH","nigga",61
"OH","officialjwood",62
"OH","ready",63
"OH","right",64
"OH","well",65
"OH","already",66
"OH","ass",67
"OH","better",68
"OH","damn",69
"OH","getting",70
"OH","look",71
"OH","thing",72
"OH","wanna",73
"OH","call",74
"OH","cute",75
"OH","first",76
"OH","girl",77
"OH","hate",78
"OH","tell",79
"OH","thought",80
"OH","didnt",81
"OH","doesnt",82
"OH","home",83
"OH","next",84
"OH","real",85
"OH","things",86
"OH","watch",87
"OH","yall",88
"OH","bed",89
"OH","favorite",90
"OH","girls",91
"OH","house",92
"OH","jobs",93
"OH","said",94
"OH","say",95
"OH","shes",96
"OH","someone",97
"OH","wait",98
"OH","way",99
"OH","yeah",100
"DC","dont",1
"DC","get",2
"DC","lol",3
"DC","back",4
"DC","like",5
"DC","can",6
"DC","ever",7
"DC","love",8
"DC","will",9
"DC","birthday",10
"DC","day",11
"DC","need",12
"DC","something",13
"DC","washington",14
"DC","didnt",15
"DC","girls",16
"DC","good",17
"DC","got",18
"DC","gotta",19
"DC","memorial",20
"DC","new",21
"DC","now",22
"DC","read",23
"DC","say",24
"DC","see",25
"DC","stop",26
"DC","thank",27
"DC","think",28
"DC","tonight",29
"DC","want",30
"DC","week",31
"DC","well",32
"DC","yall",33
"DC","better",34
"DC","big",35
"DC","check",36
"DC","closed",37
"DC","cold",38
"DC","cool",39
"DC","enough",40
"DC","fun",41
"DC","happy",42
"DC","justice",43
"DC","know",44
"DC","little",45
"DC","live",46
"DC","look",47
"DC","might",48
"DC","morning",49
"DC","mouth",50
"DC","news",51
"DC","night",52
"DC","obama",53
"DC","old",54
"DC","one",55
"DC","people",56
"DC","phone",57
"DC","real",58
"DC","right",59
"DC","saturday",60
"DC","school",61
"DC","snl",62
"DC","stuff",63
"DC","take",64
"DC","time",65
"DC","uniteblue",66
"DC","washingtondc",67
"DC","watching",68
"DC","woman",69
"DC","world",70
"DC","youre",71
"DC","acting",72
"DC","air",73
"DC","alert",74
"DC","amazing",75
"DC","another",76
"DC","ass",77
"DC","bday",78
"DC","beautiful",79
"DC","behind",80
"DC","believe",81
"DC","best",82
"DC","bitch",83
"DC","blue",84
"DC","cant",85
"DC","color",86
"DC","comes",87
"DC","company",88
"DC","cultural",89
"DC","cute",90
"DC","deal",91
"DC","eat",92
"DC","folks",93
"DC","fresh",94
"DC","georgetown",95
"DC","going",96
"DC","gonna",97
"DC","great",98
"DC","hey",99
"DC","home",100
"AZ","love",1
"AZ","like",2
"AZ","dont",3
"AZ","get",4
"AZ","day",5
"AZ","got",6
"AZ","lol",7
"AZ","know",8
"AZ","now",9
"AZ","youre",10
"AZ","one",11
"AZ","people",12
"AZ","good",13
"AZ","great",14
"AZ","happy",15
"AZ","ive",16
"AZ","life",17
"AZ","really",18
"AZ","school",19
"AZ","see",20
"AZ","want",21
"AZ","way",22
"AZ","will",23
"AZ","already",24
"AZ","back",25
"AZ","can",26
"AZ","even",27
"AZ","look",28
"AZ","need",29
"AZ","new",30
"AZ","please",31
"AZ","thats",32
"AZ","think",33
"AZ","time",34
"AZ","always",35
"AZ","cant",36
"AZ","cute",37
"AZ","home",38
"AZ","night",39
"AZ","stop",40
"AZ","didnt",41
"AZ","haha",42
"AZ","hate",43
"AZ","many",44
"AZ","never",45
"AZ","thank",46
"AZ","today",47
"AZ","two",48
"AZ","watch",49
"AZ","work",50
"AZ","away",51
"AZ","best",52
"AZ","dad",53
"AZ","funny",54
"AZ","god",55
"AZ","ill",56
"AZ","job",57
"AZ","lifeaseva",58
"AZ","make",59
"AZ","person",60
"AZ","stay",61
"AZ","take",62
"AZ","together",63
"AZ","told",64
"AZ","year",65
"AZ","arizona",66
"AZ","awesome",67
"AZ","babe",68
"AZ","bored",69
"AZ","coffee",70
"AZ","days",71
"AZ","doesnt",72
"AZ","ever",73
"AZ","everything",74
"AZ","going",75
"AZ","help",76
"AZ","hey",77
"AZ","hope",78
"AZ","jobs",79
"AZ","lmao",80
"AZ","long",81
"AZ","man",82
"AZ","minutes",83
"AZ","miss",84
"AZ","much",85
"AZ","music",86
"AZ","ready",87
"AZ","real",88
"AZ","right",89
"AZ","seriously",90
"AZ","shes",91
"AZ","song",92
"AZ","talk",93
"AZ","thanks",94
"AZ","things",95
"AZ","tomorrow",96
"AZ","true",97
"AZ","tweetmyjobs",98
"AZ","videos",99
"AZ","whats",100
"","like",1
"","one",2
"","dont",3
"","love",4
"","can",5
"","jacksonville",6
"","know",7
"","day",8
"","get",9
"","see",10
"","want",11
"","cant",12
"","lol",13
"","man",14
"","much",15
"","really",16
"","thats",17
"","yes",18
"","amazing",19
"","another",20
"","every",21
"","look",22
"","make",23
"","new",24
"","thanks",25
"","things",26
"","week",27
"","well",28
"","actually",29
"","back",30
"","dinner",31
"","double",32
"","early",33
"","favorite",34
"","friends",35
"","going",36
"","good",37
"","got",38
"","gym",39
"","ill",40
"","isnt",41
"","ive",42
"","jobs",43
"","john",44
"","live",45
"","looking",46
"","never",47
"","night",48
"","now",49
"","people",50
"","say",51
"","still",52
"","store",53
"","sure",54
"","take",55
"","thing",56
"","think",57
"","time",58
"","twitter",59
"","white",60
"","will",61
"","without",62
"","wonder",63
"","wow",64
"","youre",65
"","ago",66
"","available",67
"","away",68
"","bad",69
"","bday",70
"","beautiful",71
"","beer",72
"","best",73
"","beverly",74
"","birthday",75
"","bought",76
"","checked",77
"","chipotle",78
"","christmas",79
"","coachcrenshaw",80
"","come",81
"","common",82
"","couple",83
"","cup",84
"","days",85
"","didnt",86
"","dimension",87
"","disappointed",88
"","either",89
"","even",90
"","exactly",91
"","excited",92
"","finding",93
"","food",94
"","free",95
"","full",96
"","gain",97
"","game",98
"","guess",99
"","gum",100
"SC","like",1
"SC","dont",2
"SC","know",3
"SC","love",4
"SC","now",5
"SC","can",6
"SC","job",7
"SC","day",8
"SC","get",9
"SC","got",10
"SC","right",11
"SC","wanna",12
"SC","still",13
"SC","time",14
"SC","yall",15
"SC","cant",16
"SC","good",17
"SC","happy",18
"SC","jobs",19
"SC","life",20
"SC","lol",21
"SC","one",22
"SC","really",23
"SC","see",24
"SC","today",25
"SC","youre",26
"SC","back",27
"SC","better",28
"SC","great",29
"SC","man",30
"SC","night",31
"SC","people",32
"SC","will",33
"SC","another",34
"SC","birthday",35
"SC","columbia",36
"SC","everyone",37
"SC","girls",38
"SC","going",39
"SC","make",40
"SC","mean",41
"SC","take",42
"SC","always",43
"SC","boy",44
"SC","charleston",45
"SC","come",46
"SC","feel",47
"SC","friends",48
"SC","god",49
"SC","gonna",50
"SC","head",51
"SC","hell",52
"SC","home",53
"SC","last",54
"SC","long",55
"SC","much",56
"SC","need",57
"SC","never",58
"SC","real",59
"SC","say",60
"SC","school",61
"SC","things",62
"SC","tweetmyjobs",63
"SC","want",64
"SC","ass",65
"SC","done",66
"SC","everybody",67
"SC","getting",68
"SC","girl",69
"SC","help",70
"SC","ill",71
"SC","lot",72
"SC","makes",73
"SC","miss",74
"SC","nigga",75
"SC","others",76
"SC","ready",77
"SC","retail",78
"SC","somebody",79
"SC","someone",80
"SC","talk",81
"SC","thanks",82
"SC","think",83
"SC","two",84
"SC","way",85
"SC","almost",86
"SC","away",87
"SC","beach",88
"SC","best",89
"SC","bilo",90
"SC","black",91
"SC","bout",92
"SC","class",93
"SC","damn",94
"SC","date",95
"SC","days",96
"SC","dude",97
"SC","even",98
"SC","ever",99
"SC","every",100
"NH","like",1
"NH","love",2
"NH","now",3
"NH","day",4
"NH","dont",5
"NH","happy",6
"NH","really",7
"NH","youre",8
"NH","get",9
"NH","good",10
"NH","job",11
"NH","jobs",12
"NH","life",13
"NH","make",14
"NH","new",15
"NH","one",16
"NH","pizza",17
"NH","single",18
"NH","snow",19
"NH","thing",20
"NH","tweetmyjobs",21
"NH","way",22
"NH","will",23
"NH","another",24
"NH","award",25
"NH","best",26
"NH","birthday",27
"NH","can",28
"NH","cloud",29
"NH","coming",30
"NH","days",31
"NH","didnt",32
"NH","dip",33
"NH","ever",34
"NH","every",35
"NH","flight",36
"NH","friend",37
"NH","giant",38
"NH","girl",39
"NH","great",40
"NH","heaven",41
"NH","heres",42
"NH","know",43
"NH","lil",44
"NH","lol",45
"NH","makeup",46
"NH","man",47
"NH","many",48
"NH","miss",49
"NH","moist",50
"NH","mom",51
"NH","national",52
"NH","nice",53
"NH","nigga",54
"NH","pic",55
"NH","playing",56
"NH","ranch",57
"NH","retail",58
"NH","something",59
"NH","still",60
"NH","sun",61
"NH","warning",62
"NH","whos",63
"NH","year",64
"NH","actually",65
"NH","add",66
"NH","aint",67
"NH","airport",68
"NH","amandaholden",69
"NH","amazing",70
"NH","apes",71
"NH","app",72
"NH","area",73
"NH","around",74
"NH","asassywhale",75
"NH","assistant",76
"NH","back",77
"NH","bday",78
"NH","beach",79
"NH","beatsbysoko",80
"NH","beccagodzik",81
"NH","better",82
"NH","bff",83
"NH","big",84
"NH","bigge",85
"NH","bit",86
"NH","bitches",87
"NH","blizzard",88
"NH","bonfires",89
"NH","book",90
"NH","booked",91
"NH","bow",92
"NH","brag",93
"NH","brittnizeboski",94
"NH","brohave",95
"NH","bruce",96
"NH","cancer",97
"NH","cant",98
"NH","car",99
"NH","cat",100
"IN","like",1
"IN","love",2
"IN","day",3
"IN","dont",4
"IN","get",5
"IN","time",6
"IN","one",7
"IN","will",8
"IN","good",9
"IN","life",10
"IN","now",11
"IN","lol",12
"IN","today",13
"IN","want",14
"IN","happy",15
"IN","know",16
"IN","need",17
"IN","great",18
"IN","see",19
"IN","can",20
"IN","come",21
"IN","feel",22
"IN","going",23
"IN","job",24
"IN","make",25
"IN","ill",26
"IN","new",27
"IN","say",28
"IN","still",29
"IN","think",30
"IN","always",31
"IN","done",32
"IN","every",33
"IN","people",34
"IN","school",35
"IN","way",36
"IN","youre",37
"IN","back",38
"IN","best",39
"IN","hate",40
"IN","never",41
"IN","someone",42
"IN","thanks",43
"IN","thats",44
"IN","tomorrow",45
"IN","ass",46
"IN","even",47
"IN","first",48
"IN","girl",49
"IN","start",50
"IN","take",51
"IN","anything",52
"IN","birthday",53
"IN","cause",54
"IN","cold",55
"IN","damn",56
"IN","girls",57
"IN","got",58
"IN","indianapolis",59
"IN","ive",60
"IN","keep",61
"IN","much",62
"IN","nice",63
"IN","nothing",64
"IN","probably",65
"IN","right",66
"IN","something",67
"IN","thing",68
"IN","twitter",69
"IN","wanna",70
"IN","win",71
"IN","yeah",72
"IN","yet",73
"IN","another",74
"IN","better",75
"IN","cant",76
"IN","doesnt",77
"IN","eat",78
"IN","face",79
"IN","feeling",80
"IN","friends",81
"IN","hear",82
"IN","literally",83
"IN","look",84
"IN","miss",85
"IN","morning",86
"IN","night",87
"IN","omg",88
"IN","says",89
"IN","thank",90
"IN","wait",91
"IN","well",92
"IN","amazing",93
"IN","anyone",94
"IN","band",95
"IN","bro",96
"IN","class",97
"IN","crazy",98
"IN","ever",99
"IN","everyone",100
"IA","like",1
"IA","good",2
"IA","get",3
"IA","know",4
"IA","cant",5
"IA","love",6
"IA","back",7
"IA","dont",8
"IA","life",9
"IA","miss",10
"IA","will",11
"IA","day",12
"IA","got",13
"IA","last",14
"IA","one",15
"IA","things",16
"IA","going",17
"IA","happy",18
"IA","lol",19
"IA","night",20
"IA","people",21
"IA","really",22
"IA","said",23
"IA","still",24
"IA","time",25
"IA","today",26
"IA","win",27
"IA","around",28
"IA","can",29
"IA","end",30
"IA","ever",31
"IA","man",32
"IA","never",33
"IA","say",34
"IA","see",35
"IA","state",36
"IA","take",37
"IA","wanna",38
"IA","always",39
"IA","best",40
"IA","birthday",41
"IA","class",42
"IA","done",43
"IA","feel",44
"IA","funny",45
"IA","game",46
"IA","girls",47
"IA","guy",48
"IA","half",49
"IA","hope",50
"IA","ill",51
"IA","ive",52
"IA","job",53
"IA","let",54
"IA","lets",55
"IA","look",56
"IA","makes",57
"IA","much",58
"IA","now",59
"IA","person",60
"IA","put",61
"IA","right",62
"IA","school",63
"IA","sorry",64
"IA","talk",65
"IA","talking",66
"IA","thing",67
"IA","think",68
"IA","valentines",69
"IA","want",70
"IA","well",71
"IA","wont",72
"IA","yeah",73
"IA","youre",74
"IA","already",75
"IA","also",76
"IA","anyone",77
"IA","anything",78
"IA","away",79
"IA","bed",80
"IA","beginning",81
"IA","better",82
"IA","big",83
"IA","blessings",84
"IA","bobby",85
"IA","call",86
"IA","chill",87
"IA","come",88
"IA","crazy",89
"IA","cut",90
"IA","dress",91
"IA","dude",92
"IA","errrmeann",93
"IA","even",94
"IA","every",95
"IA","everything",96
"IA","excuse",97
"IA","feet",98
"IA","follow",99
"IA","forever",100
"TN","love",1
"TN","get",2
"TN","like",3
"TN","day",4
"TN","dont",5
"TN","now",6
"TN","will",7
"TN","can",8
"TN","cant",9
"TN","know",10
"TN","one",11
"TN","see",12
"TN","really",13
"TN","back",14
"TN","thats",15
"TN","today",16
"TN","good",17
"TN","happy",18
"TN","youre",19
"TN","lol",20
"TN","birthday",21
"TN","going",22
"TN","got",23
"TN","great",24
"TN","much",25
"TN","people",26
"TN","better",27
"TN","ever",28
"TN","hope",29
"TN","life",30
"TN","need",31
"TN","time",32
"TN","even",33
"TN","follow",34
"TN","gonna",35
"TN","always",36
"TN","bad",37
"TN","make",38
"TN","miss",39
"TN","nashville",40
"TN","never",41
"TN","nigga",42
"TN","still",43
"TN","tonight",44
"TN","want",45
"TN","aint",46
"TN","best",47
"TN","come",48
"TN","days",49
"TN","ive",50
"TN","ready",51
"TN","right",52
"TN","thank",53
"TN","thanks",54
"TN","tomorrow",55
"TN","well",56
"TN","ass",57
"TN","cute",58
"TN","done",59
"TN","family",60
"TN","feel",61
"TN","first",62
"TN","god",63
"TN","gotta",64
"TN","hard",65
"TN","hate",66
"TN","ice",67
"TN","ill",68
"TN","say",69
"TN","text",70
"TN","thing",71
"TN","times",72
"TN","world",73
"TN","big",74
"TN","bruh",75
"TN","call",76
"TN","change",77
"TN","dog",78
"TN","give",79
"TN","guys",80
"TN","hell",81
"TN","high",82
"TN","last",83
"TN","left",84
"TN","live",85
"TN","making",86
"TN","minutes",87
"TN","okay",88
"TN","school",89
"TN","show",90
"TN","think",91
"TN","valentines",92
"TN","wait",93
"TN","way",94
"TN","weather",95
"TN","yeah",96
"TN","actually",97
"TN","baby",98
"TN","black",99
"TN","blow",100
"LA","dont",1
"LA","like",2
"LA","get",3
"LA","lol",4
"LA","got",5
"LA","love",6
"LA","really",7
"LA","know",8
"LA","need",9
"LA","one",10
"LA","still",11
"LA","day",12
"LA","can",13
"LA","time",14
"LA","back",15
"LA","make",16
"LA","see",17
"LA","thats",18
"LA","today",19
"LA","want",20
"LA","aint",21
"LA","feel",22
"LA","going",23
"LA","happy",24
"LA","now",25
"LA","baby",26
"LA","cant",27
"LA","good",28
"LA","hes",29
"LA","ill",30
"LA","much",31
"LA","never",32
"LA","girl",33
"LA","man",34
"LA","wanna",35
"LA","best",36
"LA","even",37
"LA","head",38
"LA","home",39
"LA","people",40
"LA","thing",41
"LA","think",42
"LA","tho",43
"LA","work",44
"LA","birthday",45
"LA","girls",46
"LA","gone",47
"LA","hate",48
"LA","mardi",49
"LA","nigga",50
"LA","real",51
"LA","wish",52
"LA","bruh",53
"LA","cute",54
"LA","ever",55
"LA","getting",56
"LA","gras",57
"LA","hair",58
"LA","ima",59
"LA","job",60
"LA","let",61
"LA","new",62
"LA","night",63
"LA","nothing",64
"LA","phone",65
"LA","remember",66
"LA","right",67
"LA","seen",68
"LA","something",69
"LA","tomorrow",70
"LA","way",71
"LA","whole",72
"LA","will",73
"LA","yall",74
"LA","ass",75
"LA","bout",76
"LA","damn",77
"LA","days",78
"LA","didnt",79
"LA","finally",80
"LA","gonna",81
"LA","kids",82
"LA","life",83
"LA","mom",84
"LA","nobody",85
"LA","ppl",86
"LA","ready",87
"LA","said",88
"LA","say",89
"LA","somebody",90
"LA","stay",91
"LA","stop",92
"LA","sure",93
"LA","take",94
"LA","text",95
"LA","try",96
"LA","twitter",97
"LA","water",98
"LA","well",99
"LA","went",100
"KS","get",1
"KS","day",2
"KS","like",3
"KS","love",4
"KS","see",5
"KS","dont",6
"KS","got",7
"KS","never",8
"KS","say",9
"KS","today",10
"KS","can",11
"KS","good",12
"KS","job",13
"KS","lol",14
"KS","one",15
"KS","still",16
"KS","youre",17
"KS","come",18
"KS","gonna",19
"KS","happy",20
"KS","much",21
"KS","need",22
"KS","someone",23
"KS","will",24
"KS","back",25
"KS","done",26
"KS","everyone",27
"KS","ill",28
"KS","jobs",29
"KS","make",30
"KS","old",31
"KS","really",32
"KS","time",33
"KS","want",34
"KS","year",35
"KS","ago",36
"KS","aint",37
"KS","almost",38
"KS","anyone",39
"KS","bitch",40
"KS","class",41
"KS","contact",42
"KS","didnt",43
"KS","every",44
"KS","friends",45
"KS","funny",46
"KS","getting",47
"KS","goals",48
"KS","going",49
"KS","great",50
"KS","guys",51
"KS","hate",52
"KS","heart",53
"KS","home",54
"KS","hope",55
"KS","ive",56
"KS","know",57
"KS","leave",58
"KS","let",59
"KS","makes",60
"KS","man",61
"KS","miss",62
"KS","movie",63
"KS","new",64
"KS","night",65
"KS","now",66
"KS","put",67
"KS","right",68
"KS","think",69
"KS","tomorrow",70
"KS","valentines",71
"KS","way",72
"KS","wichita",73
"KS","worst",74
"KS","always",75
"KS","amazing",76
"KS","annoyed",77
"KS","ask",78
"KS","ass",79
"KS","away",80
"KS","awkward",81
"KS","baby",82
"KS","ball",83
"KS","bar",84
"KS","best",85
"KS","better",86
"KS","birthday",87
"KS","bring",88
"KS","bro",89
"KS","brother",90
"KS","buy",91
"KS","call",92
"KS","cant",93
"KS","changed",94
"KS","choose",95
"KS","engineer",96
"KS","episode",97
"KS","everything",98
"KS","fall",99
"KS","free",100
"MD","like",1
"MD","get",2
"MD","dont",3
"MD","love",4
"MD","can",5
"MD","day",6
"MD","know",7
"MD","now",8
"MD","lol",9
"MD","need",10
"MD","one",11
"MD","thats",12
"MD","good",13
"MD","ass",14
"MD","happy",15
"MD","make",16
"MD","really",17
"MD","always",18
"MD","back",19
"MD","got",20
"MD","people",21
"MD","right",22
"MD","yall",23
"MD","going",24
"MD","tonight",25
"MD","baby",26
"MD","feel",27
"MD","home",28
"MD","much",29
"MD","new",30
"MD","think",31
"MD","aint",32
"MD","damn",33
"MD","look",34
"MD","see",35
"MD","birthday",36
"MD","time",37
"MD","today",38
"MD","will",39
"MD","youre",40
"MD","gonna",41
"MD","ill",42
"MD","never",43
"MD","thank",44
"MD","wanna",45
"MD","way",46
"MD","best",47
"MD","bitch",48
"MD","call",49
"MD","didnt",50
"MD","even",51
"MD","give",52
"MD","hate",53
"MD","let",54
"MD","miss",55
"MD","nice",56
"MD","nigga",57
"MD","school",58
"MD","sleep",59
"MD","still",60
"MD","thing",61
"MD","valentines",62
"MD","work",63
"MD","yes",64
"MD","black",65
"MD","cant",66
"MD","everyone",67
"MD","gotta",68
"MD","hope",69
"MD","job",70
"MD","leave",71
"MD","life",72
"MD","maryland",73
"MD","old",74
"MD","real",75
"MD","snow",76
"MD","stop",77
"MD","though",78
"MD","twitter",79
"MD","wait",80
"MD","white",81
"MD","wit",82
"MD","actually",83
"MD","bitches",84
"MD","bout",85
"MD","boy",86
"MD","bruh",87
"MD","car",88
"MD","dick",89
"MD","done",90
"MD","early",91
"MD","eat",92
"MD","fall",93
"MD","finally",94
"MD","head",95
"MD","hour",96
"MD","house",97
"MD","ive",98
"MD","left",99
"MD","makes",100
"NE","see",1
"NE","day",2
"NE","job",3
"NE","dont",4
"NE","ill",5
"NE","birthday",6
"NE","happy",7
"NE","jobs",8
"NE","love",9
"NE","need",10
"NE","omg",11
"NE","something",12
"NE","think",13
"NE","bother",14
"NE","come",15
"NE","ever",16
"NE","get",17
"NE","guys",18
"NE","hey",19
"NE","hungry",20
"NE","know",21
"NE","like",22
"NE","made",23
"NE","new",24
"NE","one",25
"NE","start",26
"NE","still",27
"NE","today",28
"NE","tweetmyjobs",29
"NE","want",30
"NE","will",31
"NE","world",32
"NE","anyone",33
"NE","bad",34
"NE","beautiful",35
"NE","better",36
"NE","book",37
"NE","change",38
"NE","club",39
"NE","coming",40
"NE","cute",41
"NE","didnt",42
"NE","driver",43
"NE","else",44
"NE","face",45
"NE","family",46
"NE","feel",47
"NE","fishfishfish",48
"NE","gonna",49
"NE","good",50
"NE","got",51
"NE","haha",52
"NE","half",53
"NE","happiness",54
"NE","help",55
"NE","husband",56
"NE","ive",57
"NE","let",58
"NE","lets",59
"NE","mad",60
"NE","make",61
"NE","marketing",62
"NE","meet",63
"NE","might",64
"NE","mom",65
"NE","omaha",66
"NE","peasngarretts",67
"NE","people",68
"NE","photo",69
"NE","point",70
"NE","princess",71
"NE","ready",72
"NE","really",73
"NE","say",74
"NE","school",75
"NE","scottsbluff",76
"NE","shes",77
"NE","shoes",78
"NE","sleep",79
"NE","take",80
"NE","talking",81
"NE","thats",82
"NE","tonight",83
"NE","trending",84
"NE","valentines",85
"NE","veteranjob",86
"NE","vikkstar",87
"NE","wait",88
"NE","wish",89
"NE","work",90
"NE","worldwide",91
"NE","youre",92
"NE","abs",93
"NE","abundance",94
"NE","according",95
"NE","action",96
"NE","added",97
"NE","administrative",98
"NE","advertising",99
"NE","age",100
"MS","like",1
"MS","now",2
"MS","can",3
"MS","get",4
"MS","time",5
"MS","come",6
"MS","dont",7
"MS","got",8
"MS","know",9
"MS","make",10
"MS","day",11
"MS","done",12
"MS","even",13
"MS","life",14
"MS","lol",15
"MS","tomorrow",16
"MS","watching",17
"MS","always",18
"MS","bitch",19
"MS","cant",20
"MS","find",21
"MS","getting",22
"MS","good",23
"MS","gotta",24
"MS","hate",25
"MS","ion",26
"MS","watch",27
"MS","well",28
"MS","will",29
"MS","yall",30
"MS","aint",31
"MS","ass",32
"MS","back",33
"MS","call",34
"MS","cold",35
"MS","game",36
"MS","girl",37
"MS","gone",38
"MS","hair",39
"MS","let",40
"MS","look",41
"MS","miss",42
"MS","mississippi",43
"MS","much",44
"MS","say",45
"MS","show",46
"MS","someone",47
"MS","successful",48
"MS","told",49
"MS","want",50
"MS","wear",51
"MS","youre",52
"MS","baby",53
"MS","bck",54
"MS","best",55
"MS","bet",56
"MS","better",57
"MS","big",58
"MS","cancer",59
"MS","cause",60
"MS","comes",61
"MS","cut",62
"MS","damn",63
"MS","daughter",64
"MS","every",65
"MS","everyone",66
"MS","feel",67
"MS","feet",68
"MS","first",69
"MS","give",70
"MS","god",71
"MS","greg",72
"MS","happens",73
"MS","happy",74
"MS","home",75
"MS","imsowitdashit",76
"MS","job",77
"MS","johncena",78
"MS","knew",79
"MS","late",80
"MS","leave",81
"MS","lil",82
"MS","little",83
"MS","long",84
"MS","love",85
"MS","man",86
"MS","match",87
"MS","meat",88
"MS","money",89
"MS","never",90
"MS","niggas",91
"MS","night",92
"MS","one",93
"MS","person",94
"MS","pictures",95
"MS","play",96
"MS","please",97
"MS","raw",98
"MS","real",99
"MS","really",100
"ME","good",1
"ME","job",2
"ME","time",3
"ME","can",4
"ME","every",5
"ME","get",6
"ME","great",7
"ME","love",8
"ME","new",9
"ME","now",10
"ME","people",11
"ME","snow",12
"ME","thanks",13
"ME","tourney",14
"ME","actually",15
"ME","big",16
"ME","brother",17
"ME","calgary",18
"ME","class",19
"ME","coffee",20
"ME","even",21
"ME","follow",22
"ME","girl",23
"ME","hes",24
"ME","iced",25
"ME","ill",26
"ME","ive",27
"ME","jobs",28
"ME","make",29
"ME","mood",30
"ME","movie",31
"ME","much",32
"ME","need",33
"ME","netflix",34
"ME","omg",35
"ME","please",36
"ME","portland",37
"ME","psalm",38
"ME","show",39
"ME","something",40
"ME","still",41
"ME","thank",42
"ME","thats",43
"ME","think",44
"ME","today",45
"ME","yes",46
"ME","york",47
"ME","abagailmarieee",48
"ME","adam",49
"ME","aikochan",50
"ME","album",51
"ME","alert",52
"ME","alike",53
"ME","aliporter",54
"ME","alive",55
"ME","alladin",56
"ME","alluring",57
"ME","already",58
"ME","also",59
"ME","amazing",60
"ME","andreanrussett",61
"ME","annoying",62
"ME","anyone",63
"ME","anyway",64
"ME","app",65
"ME","arent",66
"ME","arms",67
"ME","ashtonsos",68
"ME","ass",69
"ME","awkward",70
"ME","barharbor",71
"ME","basically",72
"ME","beer",73
"ME","believe",74
"ME","best",75
"ME","beyonc",76
"ME","beyonce",77
"ME","bigsquaw",78
"ME","bitch",79
"ME","blackveilbrides",80
"ME","blades",81
"ME","boomerangguy",82
"ME","bores",83
"ME","bosss",84
"ME","brics",85
"ME","calm",86
"ME","cant",87
"ME","carriehightxo",88
"ME","carter",89
"ME","casep",90
"ME","changed",91
"ME","charlotteemer",92
"ME","check",93
"ME","choose",94
"ME","chrisabiersack",95
"ME","christ",96
"ME","cinnamon",97
"ME","claps",98
"ME","clothes",99
"ME","company",100
"NM","albuquerque",1
"NM","get",2
"NM","better",3
"NM","even",4
"NM","job",5
"NM","need",6
"NM","time",7
"NM","today",8
"NM","can",9
"NM","car",10
"NM","dont",11
"NM","girls",12
"NM","like",13
"NM","lol",14
"NM","love",15
"NM","new",16
"NM","saul",17
"NM","spotify",18
"NM","stop",19
"NM","album",20
"NM","alert",21
"NM","ass",22
"NM","back",23
"NM","banks",24
"NM","bday",25
"NM","boy",26
"NM","call",27
"NM","class",28
"NM","day",29
"NM","early",30
"NM","earth",31
"NM","family",32
"NM","fifthharmony",33
"NM","getting",34
"NM","good",35
"NM","guys",36
"NM","hate",37
"NM","health",38
"NM","hope",39
"NM","httptcoemyqqqlrl",40
"NM","issues",41
"NM","jobs",42
"NM","night",43
"NM","now",44
"NM","people",45
"NM","points",46
"NM","put",47
"NM","really",48
"NM","right",49
"NM","sounds",50
"NM","spotifyreflection",51
"NM","straight",52
"NM","stream",53
"NM","take",54
"NM","truck",55
"NM","two",56
"NM","way",57
"NM","will",58
"NM","yet",59
"NM","aaron",60
"NM","abbyscott",61
"NM","accountable",62
"NM","addled",63
"NM","age",64
"NM","aggies",65
"NM","already",66
"NM","always",67
"NM","amc",68
"NM","angry",69
"NM","annabananis",70
"NM","apprentice",71
"NM","arguing",72
"NM","arrest",73
"NM","asleep",74
"NM","associates",75
"NM","ate",76
"NM","attention",77
"NM","away",78
"NM","awkward",79
"NM","babies",80
"NM","baca",81
"NM","banksix",82
"NM","beads",83
"NM","beesalcedo",84
"NM","behind",85
"NM","best",86
"NM","bitches",87
"NM","bobby",88
"NM","bobbymallett",89
"NM","boobs",90
"NM","boxingrich",91
"NM","breana",92
"NM","breath",93
"NM","bringtherez",94
"NM","broken",95
"NM","bru",96
"NM","buggie",97
"NM","came",98
"NM","cantuesdayhurry",99
"NM","card",100
"UT","like",1
"UT","back",2
"UT","lol",3
"UT","now",4
"UT","dont",5
"UT","even",6
"UT","follow",7
"UT","people",8
"UT","want",9
"UT","feel",10
"UT","get",11
"UT","got",12
"UT","know",13
"UT","love",14
"UT","yes",15
"UT","bad",16
"UT","better",17
"UT","cant",18
"UT","coach",19
"UT","give",20
"UT","make",21
"UT","right",22
"UT","think",23
"UT","tonight",24
"UT","utah",25
"UT","always",26
"UT","family",27
"UT","fine",28
"UT","first",29
"UT","girl",30
"UT","going",31
"UT","great",32
"UT","hate",33
"UT","help",34
"UT","little",35
"UT","much",36
"UT","new",37
"UT","pretty",38
"UT","really",39
"UT","says",40
"UT","see",41
"UT","though",42
"UT","time",43
"UT","way",44
"UT","weekend",45
"UT","will",46
"UT","wish",47
"UT","youre",48
"UT","ass",49
"UT","awesome",50
"UT","beautiful",51
"UT","birthday",52
"UT","boots",53
"UT","brother",54
"UT","brows",55
"UT","call",56
"UT","can",57
"UT","care",58
"UT","cause",59
"UT","city",60
"UT","coming",61
"UT","conference",62
"UT","enya",63
"UT","fav",64
"UT","friend",65
"UT","friends",66
"UT","fun",67
"UT","games",68
"UT","glad",69
"UT","goals",70
"UT","good",71
"UT","hair",72
"UT","havent",73
"UT","hes",74
"UT","high",75
"UT","home",76
"UT","hope",77
"UT","ive",78
"UT","joke",79
"UT","kanter",80
"UT","lake",81
"UT","let",82
"UT","life",83
"UT","lose",84
"UT","lost",85
"UT","made",86
"UT","man",87
"UT","many",88
"UT","miss",89
"UT","need",90
"UT","night",91
"UT","old",92
"UT","one",93
"UT","please",94
"UT","red",95
"UT","remember",96
"UT","risk",97
"UT","said",98
"UT","salt",99
"UT","saying",100
"KY","like",1
"KY","dont",2
"KY","love",3
"KY","day",4
"KY","get",5
"KY","lol",6
"KY","cant",7
"KY","now",8
"KY","one",9
"KY","today",10
"KY","good",11
"KY","know",12
"KY","new",13
"KY","see",14
"KY","time",15
"KY","happy",16
"KY","will",17
"KY","best",18
"KY","birthday",19
"KY","got",20
"KY","thats",21
"KY","game",22
"KY","thanks",23
"KY","better",24
"KY","can",25
"KY","days",26
"KY","everyone",27
"KY","ive",28
"KY","life",29
"KY","look",30
"KY","louisville",31
"KY","made",32
"KY","man",33
"KY","never",34
"KY","night",35
"KY","yall",36
"KY","youre",37
"KY","going",38
"KY","much",39
"KY","need",40
"KY","really",41
"KY","school",42
"KY","tomorrow",43
"KY","want",44
"KY","always",45
"KY","even",46
"KY","feel",47
"KY","gonna",48
"KY","home",49
"KY","house",50
"KY","job",51
"KY","make",52
"KY","miss",53
"KY","music",54
"KY","okay",55
"KY","old",56
"KY","people",57
"KY","real",58
"KY","say",59
"KY","sleep",60
"KY","snow",61
"KY","things",62
"KY","think",63
"KY","back",64
"KY","bbn",65
"KY","call",66
"KY","come",67
"KY","coming",68
"KY","damn",69
"KY","ever",70
"KY","girls",71
"KY","great",72
"KY","hoe",73
"KY","hours",74
"KY","jobs",75
"KY","name",76
"KY","next",77
"KY","nice",78
"KY","pretty",79
"KY","put",80
"KY","someone",81
"KY","sometimes",82
"KY","theyre",83
"KY","wait",84
"KY","wanna",85
"KY","well",86
"KY","wish",87
"KY","aint",88
"KY","also",89
"KY","anymore",90
"KY","awake",91
"KY","bae",92
"KY","believe",93
"KY","big",94
"KY","bout",95
"KY","cause",96
"KY","check",97
"KY","class",98
"KY","cool",99
"KY","craving",100
"VT","like",1
"VT","day",2
"VT","local",3
"VT","youre",4
"VT","better",5
"VT","can",6
"VT","didnt",7
"VT","figuring",8
"VT","guy",9
"VT","help",10
"VT","lets",11
"VT","ltskyliejenner",12
"VT","one",13
"VT","preorder",14
"VT","really",15
"VT","resort",16
"VT","save",17
"VT","see",18
"VT","thats",19
"VT","valentines",20
"VT","vermont",21
"VT","win",22
"VT","wins",23
"VT","ability",24
"VT","act",25
"VT","almost",26
"VT","along",27
"VT","another",28
"VT","anymore",29
"VT","applebees",30
"VT","ashleycooper",31
"VT","ass",32
"VT","banks",33
"VT","battlefield",34
"VT","beach",35
"VT","bearing",36
"VT","believe",37
"VT","big",38
"VT","bio",39
"VT","bitch",40
"VT","blocked",41
"VT","blue",42
"VT","brianpardy",43
"VT","bring",44
"VT","brother",45
"VT","btv",46
"VT","buzz",47
"VT","care",48
"VT","carpool",49
"VT","change",50
"VT","cheap",51
"VT","clouds",52
"VT","coachjorr",53
"VT","con",54
"VT","crime",55
"VT","cute",56
"VT","cwspn",57
"VT","decided",58
"VT","deserves",59
"VT","detailed",60
"VT","dirtydeathdog",61
"VT","done",62
"VT","dont",63
"VT","drive",64
"VT","duggan",65
"VT","earnest",66
"VT","east",67
"VT","eastwallingford",68
"VT","eavesdropper",69
"VT","ellen",70
"VT","enjoying",71
"VT","enough",72
"VT","even",73
"VT","face",74
"VT","fail",75
"VT","fallon",76
"VT","family",77
"VT","farmtotable",78
"VT","final",79
"VT","finland",80
"VT","first",81
"VT","free",82
"VT","fresh",83
"VT","fun",84
"VT","geology",85
"VT","geomorpholoogy",86
"VT","geraldbeckman",87
"VT","get",88
"VT","gets",89
"VT","getting",90
"VT","ggretchenmobley",91
"VT","girl",92
"VT","give",93
"VT","gofundme",94
"VT","gold",95
"VT","grammys",96
"VT","guessed",97
"VT","guys",98
"VT","hallway",99
"VT","head",100
"AR","day",1
"AR","dont",2
"AR","like",3
"AR","hate",4
"AR","love",5
"AR","still",6
"AR","take",7
"AR","want",8
"AR","will",9
"AR","back",10
"AR","cant",11
"AR","got",12
"AR","job",13
"AR","thats",14
"AR","always",15
"AR","bad",16
"AR","get",17
"AR","getting",18
"AR","jobs",19
"AR","motivational",20
"AR","one",21
"AR","see",22
"AR","video",23
"AR","aint",24
"AR","hell",25
"AR","know",26
"AR","make",27
"AR","much",28
"AR","need",29
"AR","now",30
"AR","really",31
"AR","say",32
"AR","today",33
"AR","tomorrow",34
"AR","tweetmyjobs",35
"AR","yes",36
"AR","anything",37
"AR","ass",38
"AR","chris",39
"AR","ever",40
"AR","glad",41
"AR","god",42
"AR","grind",43
"AR","guys",44
"AR","hands",45
"AR","healthcare",46
"AR","hope",47
"AR","ive",48
"AR","life",49
"AR","lol",50
"AR","mad",51
"AR","maybe",52
"AR","mins",53
"AR","real",54
"AR","soon",55
"AR","thinking",56
"AR","time",57
"AR","watch",58
"AR","work",59
"AR","year",60
"AR","asked",61
"AR","believe",62
"AR","best",63
"AR","better",64
"AR","big",65
"AR","can",66
"AR","car",67
"AR","come",68
"AR","cuz",69
"AR","damn",70
"AR","dude",71
"AR","everybody",72
"AR","fav",73
"AR","favorite",74
"AR","find",75
"AR","fine",76
"AR","finish",77
"AR","fortsmith",78
"AR","girls",79
"AR","going",80
"AR","good",81
"AR","gotta",82
"AR","great",83
"AR","hard",84
"AR","health",85
"AR","hours",86
"AR","httptcodyjnlaaty",87
"AR","hungry",88
"AR","hurts",89
"AR","knock",90
"AR","last",91
"AR","lil",92
"AR","literally",93
"AR","look",94
"AR","man",95
"AR","many",96
"AR","mercy",97
"AR","mixtape",98
"AR","mood",99
"AR","movie",100
"NJ","like",1
"NJ","now",2
"NJ","got",3
"NJ","love",4
"NJ","can",5
"NJ","dont",6
"NJ","get",7
"NJ","know",8
"NJ","one",9
"NJ","time",10
"NJ","cant",11
"NJ","right",12
"NJ","good",13
"NJ","day",14
"NJ","people",15
"NJ","school",16
"NJ","happy",17
"NJ","thanks",18
"NJ","birthday",19
"NJ","say",20
"NJ","want",21
"NJ","home",22
"NJ","please",23
"NJ","really",24
"NJ","take",25
"NJ","youre",26
"NJ","gonna",27
"NJ","great",28
"NJ","lol",29
"NJ","never",30
"NJ","pretty",31
"NJ","still",32
"NJ","thats",33
"NJ","will",34
"NJ","back",35
"NJ","life",36
"NJ","need",37
"NJ","thank",38
"NJ","work",39
"NJ","man",40
"NJ","much",41
"NJ","tonight",42
"NJ","wanna",43
"NJ","feel",44
"NJ","going",45
"NJ","hate",46
"NJ","job",47
"NJ","lmao",48
"NJ","stop",49
"NJ","today",50
"NJ","better",51
"NJ","bitch",52
"NJ","friends",53
"NJ","give",54
"NJ","jobs",55
"NJ","last",56
"NJ","nigga",57
"NJ","night",58
"NJ","put",59
"NJ","see",60
"NJ","think",61
"NJ","wait",62
"NJ","wish",63
"NJ","ass",64
"NJ","best",65
"NJ","call",66
"NJ","crazy",67
"NJ","damn",68
"NJ","didnt",69
"NJ","ill",70
"NJ","ive",71
"NJ","let",72
"NJ","lets",73
"NJ","look",74
"NJ","okay",75
"NJ","phone",76
"NJ","said",77
"NJ","snow",78
"NJ","twitter",79
"NJ","actually",80
"NJ","another",81
"NJ","car",82
"NJ","come",83
"NJ","even",84
"NJ","getting",85
"NJ","girls",86
"NJ","guys",87
"NJ","hair",88
"NJ","long",89
"NJ","new",90
"NJ","talk",91
"NJ","tired",92
"NJ","tomorrow",93
"NJ","yeah",94
"NJ","bro",95
"NJ","called",96
"NJ","care",97
"NJ","cause",98
"NJ","cool",99
"NJ","dick",100
"AK","never",1
"AK","hearts",2
"AK","jobs",3
"AK","like",4
"AK","cant",5
"AK","followers",6
"AK","friday",7
"AK","job",8
"AK","lol",9
"AK","need",10
"AK","next",11
"AK","one",12
"AK","stop",13
"AK","think",14
"AK","tour",15
"AK","twitter",16
"AK","watch",17
"AK","accept",18
"AK","actually",19
"AK","adamdowning",20
"AK","airport",21
"AK","alaska",22
"AK","also",23
"AK","amazing",24
"AK","amsterdam",25
"AK","anchorage",26
"AK","apparently",27
"AK","auditor",28
"AK","aureus",29
"AK","babe",30
"AK","back",31
"AK","bar",32
"AK","battle",33
"AK","beautiful",34
"AK","beforedap",35
"AK","believe",36
"AK","best",37
"AK","bitch",38
"AK","bowl",39
"AK","boys",40
"AK","breath",41
"AK","brytonejames",42
"AK","bucket",43
"AK","bummed",44
"AK","camouflage",45
"AK","cecibeaty",46
"AK","cheesecake",47
"AK","chloestillwell",48
"AK","christiandelay",49
"AK","chuu",50
"AK","cleveland",51
"AK","comes",52
"AK","corral",53
"AK","day",54
"AK","devlynnectr",55
"AK","dish",56
"AK","dms",57
"AK","doesnt",58
"AK","eat",59
"AK","ending",60
"AK","epic",61
"AK","ever",62
"AK","fairbanks",63
"AK","far",64
"AK","favoriteing",65
"AK","fitfam",66
"AK","follow",67
"AK","game",68
"AK","gayathomedad",69
"AK","gilinsky",70
"AK","girls",71
"AK","goatest",72
"AK","going",73
"AK","golden",74
"AK","goldencorral",75
"AK","gonna",76
"AK","goodie",77
"AK","gosh",78
"AK","got",79
"AK","group",80
"AK","haha",81
"AK","hard",82
"AK","harkwood",83
"AK","healthcare",84
"AK","hes",85
"AK","hevon",86
"AK","hey",87
"AK","honayy",88
"AK","hope",89
"AK","hospitality",90
"AK","hot",91
"AK","hour",92
"AK","httptcodslmkwprbc",93
"AK","httptcofsiermkc",94
"AK","httptcohbsxyeiayd",95
"AK","httptcojboxksih",96
"AK","httptcolffpkwaxz",97
"AK","httptcommvdcuw",98
"AK","httptcoolzfjkokl",99
"AK","httptcopslxuox",100
"WV","like",1
"WV","dont",2
"WV","get",3
"WV","please",4
"WV","day",5
"WV","lol",6
"WV","much",7
"WV","night",8
"WV","think",9
"WV","can",10
"WV","follow",11
"WV","happy",12
"WV","know",13
"WV","love",14
"WV","people",15
"WV","take",16
"WV","got",17
"WV","time",18
"WV","back",19
"WV","better",20
"WV","birthday",21
"WV","cant",22
"WV","duke",23
"WV","life",24
"WV","now",25
"WV","one",26
"WV","proud",27
"WV","really",28
"WV","shawn",29
"WV","shawnmendes",30
"WV","someone",31
"WV","today",32
"WV","want",33
"WV","always",34
"WV","bad",35
"WV","basketball",36
"WV","call",37
"WV","come",38
"WV","cool",39
"WV","eat",40
"WV","feel",41
"WV","forever",42
"WV","game",43
"WV","getting",44
"WV","gonna",45
"WV","little",46
"WV","look",47
"WV","looks",48
"WV","man",49
"WV","needs",50
"WV","nice",51
"WV","nothing",52
"WV","real",53
"WV","right",54
"WV","sick",55
"WV","snow",56
"WV","things",57
"WV","tomorrow",58
"WV","usa",59
"WV","watch",60
"WV","weekend",61
"WV","well",62
"WV","world",63
"WV","year",64
"WV","almost",65
"WV","also",66
"WV","andrewgertler",67
"WV","another",68
"WV","ask",69
"WV","ass",70
"WV","bring",71
"WV","care",72
"WV","charleston",73
"WV","chocolate",74
"WV","coming",75
"WV","dad",76
"WV","didnt",77
"WV","else",78
"WV","everyday",79
"WV","everyone",80
"WV","everything",81
"WV","except",82
"WV","february",83
"WV","first",84
"WV","free",85
"WV","give",86
"WV","goals",87
"WV","good",88
"WV","hard",89
"WV","hate",90
"WV","havent",91
"WV","high",92
"WV","idk",93
"WV","isnt",94
"WV","job",95
"WV","jobs",96
"WV","last",97
"WV","literally",98
"WV","lot",99
"WV","luck",100
"OR","portland",1
"OR","pdx",2
"OR","block",3
"OR","police",4
"OR","like",5
"OR","get",6
"OR","one",7
"OR","today",8
"OR","better",9
"OR","dont",10
"OR","know",11
"OR","fire",12
"OR","love",13
"OR","much",14
"OR","really",15
"OR","school",16
"OR","time",17
"OR","work",18
"OR","ave",19
"OR","day",20
"OR","even",21
"OR","going",22
"OR","good",23
"OR","happy",24
"OR","night",25
"OR","someone",26
"OR","will",27
"OR","airport",28
"OR","awesome",29
"OR","baby",30
"OR","back",31
"OR","every",32
"OR","girl",33
"OR","got",34
"OR","gresham",35
"OR","guys",36
"OR","hate",37
"OR","hes",38
"OR","ive",39
"OR","lol",40
"OR","look",41
"OR","multnomah",42
"OR","need",43
"OR","oregon",44
"OR","priority",45
"OR","right",46
"OR","see",47
"OR","still",48
"OR","sure",49
"OR","thanks",50
"OR","though",51
"OR","tweet",52
"OR","way",53
"OR","always",54
"OR","best",55
"OR","can",56
"OR","cant",57
"OR","class",58
"OR","come",59
"OR","county",60
"OR","doesnt",61
"OR","everyone",62
"OR","find",63
"OR","first",64
"OR","follow",65
"OR","game",66
"OR","getting",67
"OR","god",68
"OR","gotta",69
"OR","guess",70
"OR","high",71
"OR","hit",72
"OR","idk",73
"OR","last",74
"OR","looking",75
"OR","morning",76
"OR","new",77
"OR","place",78
"OR","remember",79
"OR","send",80
"OR","sheriff",81
"OR","text",82
"OR","think",83
"OR","tomorrow",84
"OR","traffic",85
"OR","wanna",86
"OR","wow",87
"OR","youre",88
"OR","accident",89
"OR","anymore",90
"OR","asked",91
"OR","assist",92
"OR","bend",93
"OR","birthday",94
"OR","black",95
"OR","books",96
"OR","bout",97
"OR","burnside",98
"OR","citizen",99
"OR","civil",100
"ID","boise",1
"ID","love",2
"ID","job",3
"ID","day",4
"ID","ever",5
"ID","going",6
"ID","jobs",7
"ID","man",8
"ID","room",9
"ID","today",10
"ID","alexsteepe",11
"ID","already",12
"ID","back",13
"ID","brennlawrence",14
"ID","cant",15
"ID","care",16
"ID","end",17
"ID","everything",18
"ID","february",19
"ID","get",20
"ID","god",21
"ID","good",22
"ID","great",23
"ID","happy",24
"ID","health",25
"ID","miss",26
"ID","movie",27
"ID","nurse",28
"ID","nursing",29
"ID","one",30
"ID","probably",31
"ID","registered",32
"ID","retail",33
"ID","right",34
"ID","stop",35
"ID","summer",36
"ID","tbt",37
"ID","thank",38
"ID","together",39
"ID","travel",40
"ID","tweetmyjobs",41
"ID","will",42
"ID","win",43
"ID","wont",44
"ID","wow",45
"ID","yeah",46
"ID","youre",47
"ID","abdashsoul",48
"ID","agat",49
"ID","ajstarting",50
"ID","almost",51
"ID","also",52
"ID","always",53
"ID","analysts",54
"ID","anthonyirwinnba",55
"ID","assistantmentor",56
"ID","assume",57
"ID","awake",58
"ID","awaken",59
"ID","aweigh",60
"ID","baby",61
"ID","band",62
"ID","banding",63
"ID","bars",64
"ID","beautiful",65
"ID","bed",66
"ID","best",67
"ID","better",68
"ID","big",69
"ID","birthday",70
"ID","bless",71
"ID","blue",72
"ID","bones",73
"ID","brell",74
"ID","bring",75
"ID","brittneygoldman",76
"ID","bust",77
"ID","buying",78
"ID","bww",79
"ID","byui",80
"ID","came",81
"ID","capital",82
"ID","car",83
"ID","catches",84
"ID","certs",85
"ID","chapter",86
"ID","chaseglorfield",87
"ID","chevy",88
"ID","chills",89
"ID","christian",90
"ID","chrome",91
"ID","class",92
"ID","cleaning",93
"ID","click",94
"ID","closing",95
"ID","compsci",96
"ID","con",97
"ID","couple",98
"ID","course",99
"ID","craving",100
"RI","now",1
"RI","know",2
"RI","love",3
"RI","day",4
"RI","job",5
"RI","like",6
"RI","get",7
"RI","people",8
"RI","right",9
"RI","today",10
"RI","able",11
"RI","cranston",12
"RI","early",13
"RI","every",14
"RI","gonna",15
"RI","jobs",16
"RI","little",17
"RI","lol",18
"RI","look",19
"RI","mad",20
"RI","think",21
"RI","agent",22
"RI","also",23
"RI","ass",24
"RI","butt",25
"RI","campus",26
"RI","can",27
"RI","cant",28
"RI","cfgjobs",29
"RI","citizens",30
"RI","class",31
"RI","dead",32
"RI","doesnt",33
"RI","dont",34
"RI","ever",35
"RI","everything",36
"RI","financial",37
"RI","flipping",38
"RI","fuckin",39
"RI","future",40
"RI","good",41
"RI","group",42
"RI","happy",43
"RI","high",44
"RI","hot",45
"RI","live",46
"RI","lmao",47
"RI","make",48
"RI","minutes",49
"RI","need",50
"RI","never",51
"RI","nice",52
"RI","nursing",53
"RI","old",54
"RI","retweet",55
"RI","sleep",56
"RI","snow",57
"RI","stand",58
"RI","start",59
"RI","thank",60
"RI","theyre",61
"RI","time",62
"RI","valentines",63
"RI","walking",64
"RI","want",65
"RI","wasnt",66
"RI","won",67
"RI","wont",68
"RI","aalxo",69
"RI","acnjays",70
"RI","actually",71
"RI","aerotek",72
"RI","age",73
"RI","agree",74
"RI","aka",75
"RI","alexalltimelow",76
"RI","already",77
"RI","andrews",78
"RI","annoyed",79
"RI","answer",80
"RI","anyone",81
"RI","artist",82
"RI","asked",83
"RI","attacking",84
"RI","attitude",85
"RI","autismawareness",86
"RI","avengers",87
"RI","avoid",88
"RI","babysitting",89
"RI","baileellama",90
"RI","bank",91
"RI","bankedupj",92
"RI","bbusajames",93
"RI","bean",94
"RI","beelite",95
"RI","beforehis",96
"RI","belated",97
"RI","belinda",98
"RI","bestbigbrothersever",99
"RI","bestofbbali",100
"DE","get",1
"DE","back",2
"DE","new",3
"DE","cant",4
"DE","dont",5
"DE","day",6
"DE","lil",7
"DE","wait",8
"DE","want",9
"DE","duke",10
"DE","even",11
"DE","fake",12
"DE","girl",13
"DE","gonna",14
"DE","hate",15
"DE","httpstcoizwod",16
"DE","imtrying",17
"DE","know",18
"DE","kurngb",19
"DE","lilmeach",20
"DE","lol",21
"DE","meach",22
"DE","meekmill",23
"DE","see",24
"DE","single",25
"DE","still",26
"DE","tonight",27
"DE","udel",28
"DE","actually",29
"DE","almost",30
"DE","always",31
"DE","beautiful",32
"DE","ever",33
"DE","female",34
"DE","game",35
"DE","gearing",36
"DE","getting",37
"DE","invite",38
"DE","job",39
"DE","kongossesssion",40
"DE","like",41
"DE","maybe",42
"DE","money",43
"DE","morning",44
"DE","never",45
"DE","now",46
"DE","one",47
"DE","outside",48
"DE","radio",49
"DE","real",50
"DE","really",51
"DE","school",52
"DE","sleep",53
"DE","sooo",54
"DE","text",55
"DE","thank",56
"DE","thats",57
"DE","things",58
"DE","tho",59
"DE","today",60
"DE","two",61
"DE","acappella",62
"DE","ago",63
"DE","aint",64
"DE","ajcalloway",65
"DE","amazing",66
"DE","amber",67
"DE","american",68
"DE","annoying",69
"DE","anymore",70
"DE","anyone",71
"DE","article",72
"DE","ass",73
"DE","auditions",74
"DE","barely",75
"DE","bars",76
"DE","beck",77
"DE","beefybonds",78
"DE","beginning",79
"DE","best",80
"DE","better",81
"DE","bieber",82
"DE","big",83
"DE","bigjuicyjuggs",84
"DE","birthday",85
"DE","bitch",86
"DE","blametamyra",87
"DE","bleedblue",88
"DE","bluedevilnation",89
"DE","bobsbestboobs",90
"DE","boii",91
"DE","bomb",92
"DE","booboobridges",93
"DE","bookin",94
"DE","bouta",95
"DE","bowl",96
"DE","boy",97
"DE","bread",98
"DE","breaking",99
"DE","breakingoutbad",100
"HI","one",1
"HI","people",2
"HI","dont",3
"HI","happy",4
"HI","can",5
"HI","get",6
"HI","great",7
"HI","lol",8
"HI","maui",9
"HI","really",10
"HI","take",11
"HI","job",12
"HI","know",13
"HI","love",14
"HI","need",15
"HI","thanks",16
"HI","back",17
"HI","birthday",18
"HI","cant",19
"HI","dad",20
"HI","day",21
"HI","even",22
"HI","haha",23
"HI","hawaii",24
"HI","honolulu",25
"HI","hope",26
"HI","ill",27
"HI","life",28
"HI","literally",29
"HI","making",30
"HI","much",31
"HI","real",32
"HI","school",33
"HI","time",34
"HI","will",35
"HI","already",36
"HI","away",37
"HI","bad",38
"HI","beautiful",39
"HI","better",40
"HI","boy",41
"HI","brought",42
"HI","buy",43
"HI","cause",44
"HI","clear",45
"HI","coffee",46
"HI","couldnt",47
"HI","damn",48
"HI","doesnt",49
"HI","dolla",50
"HI","either",51
"HI","exam",52
"HI","first",53
"HI","funny",54
"HI","gotta",55
"HI","guys",56
"HI","heard",57
"HI","high",58
"HI","home",59
"HI","hula",60
"HI","jobs",61
"HI","kihei",62
"HI","like",63
"HI","lucky",64
"HI","make",65
"HI","media",66
"HI","miss",67
"HI","new",68
"HI","nothing",69
"HI","now",70
"HI","physical",71
"HI","pic",72
"HI","pictures",73
"HI","say",74
"HI","show",75
"HI","shows",76
"HI","social",77
"HI","stop",78
"HI","thats",79
"HI","tomorrow",80
"HI","valentines",81
"HI","via",82
"HI","view",83
"HI","want",84
"HI","wanted",85
"HI","whole",86
"HI","wilcox",87
"HI","yall",88
"HI","yay",89
"HI","youll",90
"HI","abc",91
"HI","abuse",92
"HI","accept",93
"HI","accidents",94
"HI","accounts",95
"HI","acousitic",96
"HI","acting",97
"HI","actually",98
"HI","addiction",99
"HI","adding",100
"SD","day",1
"SD","walk",2
"SD","beautiful",3
"SD","best",4
"SD","dont",5
"SD","excited",6
"SD","feel",7
"SD","going",8
"SD","job",9
"SD","like",10
"SD","love",11
"SD","miles",12
"SD","money",13
"SD","phone",14
"SD","think",15
"SD","abbigailchatch",16
"SD","aberdeen",17
"SD","absolutely",18
"SD","akersarlene",19
"SD","alert",20
"SD","alisoncappy",21
"SD","allymiranda",22
"SD","almost",23
"SD","another",24
"SD","anything",25
"SD","aspen",26
"SD","associates",27
"SD","awkwardprinplup",28
"SD","beating",29
"SD","bloody",30
"SD","breakfast",31
"SD","brightener",32
"SD","bruh",33
"SD","bseegirl",34
"SD","bummyberry",35
"SD","burgessdave",36
"SD","businessmgmt",37
"SD","buying",38
"SD","buys",39
"SD","cal",40
"SD","canez",41
"SD","chicaaagooo",42
"SD","city",43
"SD","coffee",44
"SD","cold",45
"SD","couldnt",46
"SD","crossroadsspn",47
"SD","cuddleofdeath",48
"SD","customerservice",49
"SD","damn",50
"SD","dancingadrift",51
"SD","delete",52
"SD","dental",53
"SD","designs",54
"SD","die",55
"SD","dinoroars",56
"SD","doesnt",57
"SD","doland",58
"SD","done",59
"SD","door",60
"SD","drunkeness",61
"SD","emily",62
"SD","ever",63
"SD","everyone",64
"SD","excusemyfrench",65
"SD","exhausting",66
"SD","fall",67
"SD","falls",68
"SD","fam",69
"SD","finished",70
"SD","fishing",71
"SD","flowers",72
"SD","follow",73
"SD","food",74
"SD","fun",75
"SD","gov",76
"SD","grip",77
"SD","gunsbidcom",78
"SD","guy",79
"SD","hate",80
"SD","hear",81
"SD","henry",82
"SD","hogen",83
"SD","holla",84
"SD","httpstcotclzcxilc",85
"SD","httptcodyygyczf",86
"SD","httptcohtbbeyyxsd",87
"SD","httptcoltngzmvru",88
"SD","httptconcemnyw",89
"SD","httptcovaopxgekt",90
"SD","httptcovmyjdtnr",91
"SD","httrpride",92
"SD","inc",93
"SD","instagram",94
"SD","jack",95
"SD","jamming",96
"SD","jflo",97
"SD","jobs",98
"SD","joining",99
"SD","katienolan",100
"ND","love",1
"ND","much",2
"ND","almost",3
"ND","craving",4
"ND","day",5
"ND","dont",6
"ND","everyone",7
"ND","get",8
"ND","going",9
"ND","gonna",10
"ND","haha",11
"ND","happy",12
"ND","nice",13
"ND","night",14
"ND","now",15
"ND","omg",16
"ND","one",17
"ND","thanks",18
"ND","theyre",19
"ND","absolutely",20
"ND","activity",21
"ND","alcoholic",22
"ND","alliesweeney",23
"ND","already",24
"ND","also",25
"ND","amazing",26
"ND","ambrayyy",27
"ND","analytics",28
"ND","another",29
"ND","anxiety",30
"ND","apart",31
"ND","awesome",32
"ND","baby",33
"ND","bad",34
"ND","badly",35
"ND","bakken",36
"ND","bbi",37
"ND","bed",38
"ND","behappyzone",39
"ND","better",40
"ND","birthday",41
"ND","bismarck",42
"ND","bowl",43
"ND","boys",44
"ND","bullshit",45
"ND","bus",46
"ND","buy",47
"ND","call",48
"ND","caring",49
"ND","cash",50
"ND","championship",51
"ND","chica",52
"ND","choose",53
"ND","clearly",54
"ND","comeninos",55
"ND","compliments",56
"ND","contact",57
"ND","context",58
"ND","cool",59
"ND","couldnt",60
"ND","country",61
"ND","crafterdronn",62
"ND","damn",63
"ND","dazzlercom",64
"ND","definitely",65
"ND","didnt",66
"ND","disableye",67
"ND","divisional",68
"ND","dosent",69
"ND","drunk",70
"ND","duane",71
"ND","ease",72
"ND","either",73
"ND","energy",74
"ND","episode",75
"ND","equally",76
"ND","even",77
"ND","excited",78
"ND","eyedea",79
"ND","family",80
"ND","find",81
"ND","fingerstylepop",82
"ND","first",83
"ND","follow",84
"ND","forks",85
"ND","freezing",86
"ND","friends",87
"ND","fun",88
"ND","funny",89
"ND","getting",90
"ND","give",91
"ND","gives",92
"ND","gossip",93
"ND","grand",94
"ND","gregrolaent",95
"ND","gundersonrachel",96
"ND","happytreesftw",97
"ND","hard",98
"ND","hav",99
"ND","hmm",100
"MT","beer",1
"MT","feat",2
"MT","half",3
"MT","like",4
"MT","one",5
"MT","right",6
"MT","ball",7
"MT","basin",8
"MT","benjaminbachman",9
"MT","best",10
"MT","big",11
"MT","boota",12
"MT","brennan",13
"MT","bucks",14
"MT","caamfest",15
"MT","calls",16
"MT","caring",17
"MT","cartier",18
"MT","cats",19
"MT","cdstamper",20
"MT","coffee",21
"MT","come",22
"MT","coming",23
"MT","competitor",24
"MT","curry",25
"MT","dance",26
"MT","derulo",27
"MT","destruction",28
"MT","dogg",29
"MT","dress",30
"MT","earth",31
"MT","everyone",32
"MT","facesaysitall",33
"MT","fast",34
"MT","fiftyfive",35
"MT","film",36
"MT","finding",37
"MT","first",38
"MT","flame",39
"MT","flight",40
"MT","flocka",41
"MT","fox",42
"MT","frenchwood",43
"MT","garbageperson",44
"MT","generation",45
"MT","get",46
"MT","getting",47
"MT","geyser",48
"MT","going",49
"MT","good",50
"MT","grass",51
"MT","hailey",52
"MT","hating",53
"MT","hey",54
"MT","home",55
"MT","httptcojikgvd",56
"MT","httptcolgqxbtgh",57
"MT","httptcoxdhoyfwerj",58
"MT","httptcoxrbalvcvi",59
"MT","httptcoxuseflovm",60
"MT","idol",61
"MT","itunes",62
"MT","jason",63
"MT","job",64
"MT","johnmayer",65
"MT","katyperry",66
"MT","kid",67
"MT","kitten",68
"MT","know",69
"MT","left",70
"MT","life",71
"MT","listening",72
"MT","literally",73
"MT","live",74
"MT","makes",75
"MT","mcdonalds",76
"MT","measles",77
"MT","minutes",78
"MT","mrmerlefisher",79
"MT","need",80
"MT","nine",81
"MT","now",82
"MT","nowords",83
"MT","officia",84
"MT","open",85
"MT","opinion",86
"MT","overlooking",87
"MT","paid",88
"MT","past",89
"MT","people",90
"MT","plans",91
"MT","point",92
"MT","probably",93
"MT","product",94
"MT","ready",95
"MT","roommate",96
"MT","save",97
"MT","second",98
"MT","see",99
"MT","seeing",100
"SA","long",1
"SA","already",2
"SA","always",3
"SA","bailey",4
"SA","batshit",5
"SA","bigger",6
"SA","bitchbruh",7
"SA","boo",8
"SA","coco",9
"SA","crazy",10
"SA","crush",11
"SA","crushingggg",12
"SA","every",13
"SA","fame",14
"SA","friday",15
"SA","good",16
"SA","gotten",17
"SA","graveyard",18
"SA","hair",19
"SA","hate",20
"SA","heavy",21
"SA","httptcoogficxpv",22
"SA","ive",23
"SA","jtcsantos",24
"SA","kgoddd",25
"SA","lights",26
"SA","like",27
"SA","liking",28
"SA","lol",29
"SA","maddytmd",30
"SA","madison",31
"SA","mind",32
"SA","night",33
"SA","now",34
"SA","pauly",35
"SA","ppl",36
"SA","prius",37
"SA","razzylouj",38
"SA","read",39
"SA","rock",40
"SA","sad",41
"SA","slayin",42
"SA","sleeping",43
"SA","someone",44
"SA","stop",45
"SA","stuck",46
"SA","super",47
"SA","suuup",48
"SA","tellll",49
"SA","thats",50
"SA","thatwhitekidaj",51
"SA","time",52
"SA","tweet",53
"SA","used",54
"SA","whenever",55
"SA","wonder",56
"SA","work",57
"SA","wth",58
"SA","yfy",59
"WY","pretty",1
"WY","talk",2
"WY","alert",3
"WY","alyssa",4
"WY","alyssamilano",5
"WY","besides",6
"WY","big",7
"WY","black",8
"WY","boot",9
"WY","cheyenne",10
"WY","closer",11
"WY","comfortable",12
"WY","congrats",13
"WY","corporation",14
"WY","curious",15
"WY","detriment",16
"WY","easier",17
"WY","energy",18
"WY","fitter",19
"WY","freedomjustice",20
"WY","gas",21
"WY","glad",22
"WY","guess",23
"WY","hey",24
"WY","hills",25
"WY","hitchingpostcheyenne",26
"WY","httptcohrgztcn",27
"WY","httptcoizyaxsanx",28
"WY","humansuitcase",29
"WY","jessehorne",30
"WY","job",31
"WY","jobs",32
"WY","kassandranova",33
"WY","laceymomma",34
"WY","looks",35
"WY","lucky",36
"WY","need",37
"WY","nothing",38
"WY","one",39
"WY","probably",40
"WY","right",41
"WY","rights",42
"WY","scotus",43
"WY","serviceman",44
"WY","shostdergon",45
"WY","sistersbeingsilly",46
"WY","small",47
"WY","smart",48
"WY","something",49
"WY","sscalise",50
"WY","states",51
"WY","swoleuniversity",52
"WY","tanks",53
"WY","term",54
"WY","thatswyomingforyou",55
"WY","think",56
"WY","try",57
"WY","twitter",58
"WY","want",59
"WY","way",60
"WY","whyimsingle",61
"WY","windywindywindy",62
"WY","wonder",63
"WY","wrong",64
"co","follow",1
"co","gotham",2
"co","love",3
"co","youre",4
"co","alerta",5
"co","baby",6
"co","bag",7
"co","bored",8
"co","bottom",9
"co","brush",10
"co","cameronmonaghan",11
"co","condado",12
"co","effing",13
"co","end",14
"co","engineerminimum",15
"co","ever",16
"co","excited",17
"co","experience",18
"co","flight",19
"co","forever",20
"co","french",21
"co","httpstcosquiphfo",22
"co","httptcoqoozwc",23
"co","httptcoztxdcodwif",24
"co","ill",25
"co","important",26
"co","ingeniera",27
"co","inspiration",28
"co","knew",29
"co","lands",30
"co","long",31
"co","macaron",32
"co","maintenance",33
"co","minutes",34
"co","oro",35
"co","pastries",36
"co","perf",37
"co","please",38
"co","promise",39
"co","prrrhh",40
"co","radio",41
"co","reason",42
"co","see",43
"co","size",44
"co","stardoliii",45
"co","sunshine",46
"co","teeth",47
"co","thejoker",48
"co","themattespinosa",49
"co","till",50
"co","time",51
"co","tommann",52
"co","tommannmusic",53
"co","vegabaja",54
"co","whats",55
"co","yeah",56
"co","years",57
"co","zachhillmusic",58
"ds","already",1
"ds","liyahevol",2
"ds","lol",3
"ds","pypos",4
"ds","sammyb",5
"ds","still",6
"ds","wife",7
